text,intent
Let me think... Not sure.,undecided
Show me cheap options,ask_price
Any stylish jackets?ï¼Œunder CNY 999,ask_product
"Hmm, Not what I had in mind I guess.ï¼Œä¸è¶…è¿‡499å…ƒ",reject
I think I like them? Looks good.ï¼Œunder CNY 599,confirmation
Not sure about these,reject
None of theseï¼Œâ‰¤199å—,reject
I need something not expensiveï¼Œaround 499 RMB,ask_price
Thank you... maybe.ï¼Œä»·ä½åœ¨899-999å…ƒ,thank_you
appreciate your helpï¼Œaround 499 RMB,goodbye
"Sure, Let me think works.ï¼Œâ‰¤499å—",undecided
Any low-cost jackets?ï¼Œâ‰¤699å—,ask_price
These are good,confirmation
"You know, Appreciate it.ï¼Œâ‰¤599å—",thank_you
hello assistantï¼Œä¸è¶…è¿‡499å…ƒ,greet
"Thanks, thatâ€™s helpful",confirmation
hello assistantï¼Œaround 399 RMB,greet
Thanks a lotï¼Œunder CNY 299,thank_you
"Hmm, I can't tell I guess.ï¼Œä¸è¶…è¿‡199å…ƒ",undecided
Not really â€” just saying.,reject
Do you have anything under $50?,ask_price
Whatâ€™s the cheapest you have?ï¼Œunder CNY 999,ask_price
I like minimal designï¼Œaround 799 RMB,ask_style
I'm on a budget,ask_price
Do you have anything under $100?,ask_price
These arenâ€™t good,reject
thank you,goodbye
"Hmm, Not what Iâ€™m looking for I guess.ï¼Œunder CNY 699",reject
I'm searching for a raincoat,ask_product
Not what I had in mind â€” cool!ï¼Œä¸è¶…è¿‡299å…ƒ,reject
I'm done shoppingï¼Œé¢„ç®—499å…ƒ,goodbye
Nothing stands outï¼Œaround 699 RMB,reject
I donâ€™t know... maybe.ï¼Œâ‰¤999å—,undecided
I'm searching for a raincoatï¼Œä¸è¶…è¿‡999å…ƒ,ask_product
I donâ€™t like these? Looks good.ï¼Œ499å…ƒä»¥å†…,reject
Could I see othersï¼Œâ‰¤199å—,reject
hey there,greet
Price range under $80,ask_price
"Hmm, Iâ€™ll pass I guess.",reject
Much appreciated!ï¼Œunder CNY 699,thank_you
"Hmm, Too cheap I guess.",reject
Much appreciated.ï¼Œä»·ä½åœ¨499-599å…ƒ,thank_you
Thanks a lot for the tips.ï¼Œä¸è¶…è¿‡999å…ƒ,thank_you
hi againï¼Œä¸è¶…è¿‡599å…ƒ,greet
"Appreciate it, mate.ï¼Œ599å…ƒä»¥å†…",thank_you
Perfect,confirmation
Nothing elseï¼Œé¢„ç®—999å…ƒ,done
Just what I had in mind ğŸ‘,confirmation
Looking for something formal,ask_style
Do you have anything under $120?,ask_price
Too expensiveï¼Œé¢„ç®—499å…ƒ,reject
I'm searching for a raincoatï¼Œé¢„ç®—499å…ƒ,ask_product
Let me think about it.ï¼Œä»·ä½åœ¨899-999å…ƒ,undecided
byeï¼Œaround 999 RMB,goodbye
I appreciate it.ï¼Œä¸è¶…è¿‡499å…ƒ,thank_you
Do you have anything under $200?,ask_price
Much appreciated.,thank_you
I'm into casual style,ask_style
No. That should work.,reject
Looking for items below $50,ask_price
"Definitely Sure, this works.",confirmation
I'm thinking it over.ï¼Œä»·ä½åœ¨399-499å…ƒ,undecided
Nice selection. That should work.ï¼Œ399å…ƒä»¥å†…,confirmation
Do you have sporty outfits?ï¼Œ599å…ƒä»¥å†…,ask_style
Done for nowï¼Œunder CNY 199,done
Do you have anything under $100?,ask_price
Iâ€™ll pass on these,reject
hey thereï¼Œä»·ä½åœ¨399-499å…ƒ,greet
Let me think... None of these.,reject
Can I see some coats?,ask_product
Not what Iâ€™m looking forï¼Œä»·ä½åœ¨499-599å…ƒ,reject
It's hard to say.,undecided
I need more time to decide.ï¼Œä¸è¶…è¿‡199å…ƒ,undecided
I need more time to decide.ï¼Œé¢„ç®—999å…ƒ,undecided
Iâ€™m still weighing my options.ï¼Œunder CNY 499,undecided
bye,goodbye
These match my needs â€” I like that.ï¼Œaround 799 RMB,confirmation
greetingsï¼Œé¢„ç®—799å…ƒ,greet
Thanks so much for this.ï¼Œä»·ä½åœ¨199-299å…ƒ,thank_you
Not sure â€” I suppose.ï¼Œaround 499 RMB,undecided
Not sure â€” I suppose.,undecided
I'd say Donâ€™t like them.ï¼Œ799å…ƒä»¥å†…,reject
Do you have any shoes?ï¼Œä¸è¶…è¿‡499å…ƒ,ask_product
Nope... maybe.,reject
No. That should work.ï¼Œaround 399 RMB,reject
Nope,reject
Iâ€™m done looking,done
It's a tough call.ï¼Œunder CNY 799,undecided
Show me winter wearï¼Œ799å…ƒä»¥å†…,ask_product
Thank you indeed.ï¼Œé¢„ç®—799å…ƒ,thank_you
Theyâ€™re fine,confirmation
Not suitableï¼Œâ‰¤599å—,reject
This doesnâ€™t help,reject
cheersï¼Œunder CNY 999,goodbye
No more help needed? Looks good.ï¼Œâ‰¤599å—,done
Try something elseï¼Œä»·ä½åœ¨199-299å…ƒ,reject
I'm into casual styleï¼Œ499å…ƒä»¥å†…,ask_style
Catch you later â€” just saying.,goodbye
I think Iâ€™ll browse a little more.ï¼Œé¢„ç®—399å…ƒ,undecided
Let me think... Not sure.ï¼Œunder CNY 499,undecided
Thanks again!,thank_you
Yeah,confirmation
I'd say Done for now.ï¼Œé¢„ç®—499å…ƒ,done
I'm not sure yet.ï¼Œä»·ä½åœ¨399-499å…ƒ,undecided
Could I see others!ï¼Œä»·ä½åœ¨499-599å…ƒ,reject
Price range under $64,ask_price
see you next timeï¼Œä¸è¶…è¿‡999å…ƒ,goodbye
Do you have casual clothes?,ask_product
I like minimal designï¼Œunder CNY 499,ask_style
hello,greet
I'm thinking it over.,undecided
thank youï¼Œâ‰¤699å—,goodbye
Thank you kindly.ï¼Œâ‰¤399å—,thank_you
I need something not expensive,ask_price
I'm unsure right now.ï¼Œä¸è¶…è¿‡499å…ƒ,undecided
I'm searching for a raincoatï¼Œä»·ä½åœ¨899-999å…ƒ,ask_product
Appreciate it a lot.ï¼Œä¸è¶…è¿‡299å…ƒ,thank_you
thanks a lotï¼Œunder CNY 199,goodbye
"Hmm, Iâ€™d like to see other options I guess.ï¼Œé¢„ç®—399å…ƒ",reject
No more help neededï¼Œä¸è¶…è¿‡299å…ƒ,done
Thanks a bunch.,thank_you
"Hmm, I haven't decided I guess.ï¼Œä¸è¶…è¿‡699å…ƒ",undecided
Exactly,confirmation
I want a trendy lookï¼Œé¢„ç®—699å…ƒ,ask_style
Looking for items below $80,ask_price
Looks good to me,confirmation
I want to be sure before choosing.ï¼Œunder CNY 499,undecided
"Well, Thanks a lot.",thank_you
Wonderfulï¼Œä»·ä½åœ¨699-799å…ƒ,confirmation
Thank youï¼Œä»·ä½åœ¨99-199å…ƒ,thank_you
These will workï¼Œ299å…ƒä»¥å†…,confirmation
Any stylish jackets?,ask_product
Everything looks nice.ï¼Œ399å…ƒä»¥å†…,undecided
Could I see others!,reject
I'm done shopping,done
Is there a discount section?ï¼Œé¢„ç®—199å…ƒ,ask_price
how are you,greet
I need time â€” just saying.ï¼Œaround 299 RMB,undecided
"Well, Not for me.ï¼Œä»·ä½åœ¨99-199å…ƒ",reject
Enough for todayï¼Œunder CNY 499,done
Not for me â€” just saying.,reject
talk to you laterï¼Œunder CNY 399,goodbye
Any stylish jackets?ï¼Œé¢„ç®—599å…ƒ,ask_product
I need sneakers,ask_product
"Hmm, None of these I guess.",reject
Looks promising â€” I like that.ï¼Œaround 599 RMB,confirmation
Noï¼Œä»·ä½åœ¨199-299å…ƒ,reject
Not sure about theseï¼Œä»·ä½åœ¨699-799å…ƒ,reject
I'd say Done for now.,done
Iâ€™ve seen enoughï¼Œ499å…ƒä»¥å†…,done
Can I see some coats?ï¼Œaround 799 RMB,ask_product
I'm into casual style,ask_style
good eveningï¼Œé¢„ç®—699å…ƒ,greet
Iâ€™m grateful.ï¼Œunder CNY 599,thank_you
Not my style. That should work.ï¼Œunder CNY 999,reject
I can't decide right now.ï¼Œä¸è¶…è¿‡999å…ƒ,undecided
Appreciate the recommendation.ï¼Œ399å…ƒä»¥å†…,thank_you
Thatâ€™s not what I meant. That should work.ï¼Œaround 999 RMB,reject
"Sure, Many thanks works.ï¼Œä»·ä½åœ¨399-499å…ƒ",thank_you
talk to you laterï¼Œunder CNY 699,goodbye
"Sure, this works â€” cool!ï¼Œä¸è¶…è¿‡999å…ƒ",confirmation
"Well, Bye for now.",goodbye
Perfect? Looks good.ï¼Œä¸è¶…è¿‡499å…ƒ,confirmation
Do you have sporty outfits?ï¼Œâ‰¤999å—,ask_style
Looks promisingï¼Œaround 499 RMB,confirmation
Not really â€” I suppose.ï¼Œä¸è¶…è¿‡499å…ƒ,reject
Looking for items below $60,ask_price
goodbye,goodbye
Price range under $30,ask_price
Definitely Too formal.,reject
Catch you later,goodbye
Definitely Too sporty.ï¼Œunder CNY 399,reject
I need something not expensiveï¼Œä¸è¶…è¿‡699å…ƒ,ask_price
Thank you!ï¼Œâ‰¤999å—,thank_you
Thank you very much.ï¼Œé¢„ç®—399å…ƒ,thank_you
heyï¼Œaround 299 RMB,greet
Looks good to me? Looks good.,confirmation
"Well, Let me think.ï¼Œunder CNY 599",undecided
I appreciate it.,thank_you
Thanks a lot â€” just saying.ï¼Œ799å…ƒä»¥å†…,thank_you
I don't know what I want.,undecided
I want a trendy lookï¼Œunder CNY 399,ask_style
Grateful for your advice.ï¼Œ999å…ƒä»¥å†…,thank_you
I think I like them? Looks good.ï¼Œunder CNY 399,confirmation
I like minimal design,ask_style
"Well, Thank you.",thank_you
hello,greet
Maybe â€” just saying.ï¼Œ699å…ƒä»¥å†…,undecided
hey,greet
I'm looking for a jacketï¼Œä»·ä½åœ¨199-299å…ƒ,ask_product
"You know, Much appreciated.",thank_you
I need something not expensiveï¼Œâ‰¤799å—,ask_price
Cheers for that.ï¼Œä»·ä½åœ¨899-999å…ƒ,thank_you
I want to be sure before choosing.ï¼Œ999å…ƒä»¥å†…,undecided
Show me othersï¼Œaround 799 RMB,reject
No thanks,done
I donâ€™t see anything I want,reject
I need something not expensiveï¼Œé¢„ç®—499å…ƒ,ask_price
see you next timeï¼Œé¢„ç®—999å…ƒ,goodbye
Any low-cost jackets?,ask_price
Any stylish jackets?ï¼Œunder CNY 499,ask_product
hi again,greet
Maybe â€” just saying.ï¼Œâ‰¤399å—,undecided
"Sure, Let me think works.ï¼Œé¢„ç®—299å…ƒ",undecided
byeï¼Œunder CNY 499,goodbye
Show me cheap optionsï¼Œä»·ä½åœ¨499-599å…ƒ,ask_price
good morningï¼Œä¸è¶…è¿‡299å…ƒ,greet
"You know, Appreciate it.ï¼Œé¢„ç®—599å…ƒ",thank_you
Thanks a lot for the tips.,thank_you
goodbyeï¼Œ599å…ƒä»¥å†…,goodbye
greetingsï¼Œ999å…ƒä»¥å†…,greet
I'm into casual styleï¼Œunder CNY 799,ask_style
Looking for items below $150,ask_price
I'm done shoppingï¼Œunder CNY 799,goodbye
Great!. Appreciate it!ï¼Œé¢„ç®—599å…ƒ,confirmation
Could I see others,reject
good eveningï¼Œaround 599 RMB,greet
I'm searching for a raincoat,ask_product
Thanks a lot.ï¼Œä»·ä½åœ¨299-399å…ƒ,thank_you
"You know, Appreciate it.ï¼Œé¢„ç®—399å…ƒ",thank_you
I need sneakersï¼Œ599å…ƒä»¥å†…,ask_product
Just what I had in mind ğŸ‘ï¼Œä¸è¶…è¿‡699å…ƒ,confirmation
Nothing else. Appreciate it!,done
Any elegant jackets?ï¼Œunder CNY 799,ask_style
I donâ€™t like these,reject
Thatâ€™s it,confirmation
Not interested... maybe.,reject
"No, thank youï¼Œ799å…ƒä»¥å†…",done
"You know, Let me think.",undecided
thanks a lot,goodbye
see you next time,goodbye
"You know, Many thanks.ï¼Œä¸è¶…è¿‡299å…ƒ",thank_you
Iâ€™d like to see other optionsï¼Œä¸è¶…è¿‡499å…ƒ,reject
I'd say I like those.ï¼Œä¸è¶…è¿‡199å…ƒ,confirmation
hello assistantï¼Œ199å…ƒä»¥å†…,greet
good morningï¼Œé¢„ç®—499å…ƒ,greet
Price range under $64,ask_price
I just need some time.,undecided
hello assistant,greet
Any stylish jackets?ï¼Œä»·ä½åœ¨399-499å…ƒ,ask_product
Do you have anything under $100?,ask_price
Show me cheap options,ask_price
see you next timeï¼Œä»·ä½åœ¨199-299å…ƒ,goodbye
Let me think about it.,undecided
Do you have anything under $80?,ask_price
Just what I had in mindï¼Œunder CNY 399,confirmation
I'll come back later,goodbye
It's not an easy choice.ï¼Œaround 799 RMB,undecided
thanks a lotï¼Œâ‰¤999å—,goodbye
good morning,greet
I'm into casual style,ask_style
I need sneakersï¼Œä»·ä½åœ¨99-199å…ƒ,ask_product
Do you have casual clothes?ï¼Œä»·ä½åœ¨299-399å…ƒ,ask_product
Not suitable ğŸ‘ï¼Œâ‰¤699å—,reject
"Hmm, Thank you I guess.",thank_you
I need something not expensive,ask_price
Cheers â€” just saying.ï¼Œaround 399 RMB,thank_you
Show me winter wearï¼Œä»·ä½åœ¨299-399å…ƒ,ask_product
Iâ€™ll passï¼Œä¸è¶…è¿‡499å…ƒ,reject
I'm done shoppingï¼Œunder CNY 799,goodbye
Looking for something formalï¼Œâ‰¤399å—,ask_style
I want to be sure before choosing.,undecided
I want to check more options.ï¼Œaround 999 RMB,undecided
Price range under $80,ask_price
Let me think â€” just saying.ï¼Œé¢„ç®—999å…ƒ,undecided
Thatâ€™s niceï¼Œâ‰¤999å—,confirmation
Cheers â€” just saying.ï¼Œé¢„ç®—399å…ƒ,thank_you
Looking for items below $60,ask_price
Any stylish jackets?,ask_product
Good choices. Appreciate it!ï¼Œaround 799 RMB,confirmation
I might come back later.ï¼Œ999å…ƒä»¥å†…,undecided
Any low-cost jackets?,ask_price
Affordable options please,ask_price
Iâ€™m browsing casually for now.,undecided
Really appreciate that.ï¼Œ599å…ƒä»¥å†…,thank_you
heyï¼Œ999å…ƒä»¥å†…,greet
how are youï¼Œä»·ä½åœ¨699-799å…ƒ,greet
Let me look a bit more.ï¼Œä»·ä½åœ¨699-799å…ƒ,undecided
Iâ€™ll think about it.,undecided
hi again,greet
Looking for items below $50,ask_price
goodbyeï¼Œé¢„ç®—999å…ƒ,goodbye
Much appreciated!,thank_you
I want a trendy look,ask_style
Still deciding â€” just saying.ï¼Œé¢„ç®—399å…ƒ,undecided
"Hmm, Too cheap I guess.ï¼Œé¢„ç®—699å…ƒ",reject
Talk soon,goodbye
Nothing stands outï¼Œé¢„ç®—199å…ƒ,reject
No further help,done
hi againï¼Œ799å…ƒä»¥å†…,greet
thank youï¼Œä»·ä½åœ¨199-299å…ƒ,goodbye
goodbye,goodbye
Looking for items below $80,ask_price
"They're all nice, I don't know.ï¼Œé¢„ç®—499å…ƒ",undecided
"Hmm, Iâ€™ll pass I guess.",reject
good eveningï¼Œä¸è¶…è¿‡599å…ƒ,greet
"You know, Maybe.ï¼Œé¢„ç®—599å…ƒ",undecided
Done for now,done
Maybeï¼Œä¸è¶…è¿‡599å…ƒ,undecided
Great!. Appreciate it!ï¼Œä¸è¶…è¿‡299å…ƒ,confirmation
None of these â€” I suppose.,reject
Perfectï¼Œâ‰¤299å—,confirmation
greetings,greet
"Really grateful, thanks!ï¼Œunder CNY 799",thank_you
Any stylish jackets?,ask_product
Thanks a lot.,thank_you
Really appreciate that.,thank_you
These match my needs â€” I like that.,confirmation
Iâ€™m not sure â€” just saying.ï¼Œ299å…ƒä»¥å†…,undecided
These arenâ€™t good â€” just saying.,reject
What do you have in business style?ï¼Œaround 199 RMB,ask_style
Looking for items below $80,ask_price
Show me others,reject
These match my needsï¼Œâ‰¤499å—,confirmation
"Thanks, that helps!ï¼Œä¸è¶…è¿‡499å…ƒ",thank_you
Cheers for that.,thank_you
Too expensiveï¼Œaround 599 RMB,reject
hello assistantï¼Œ999å…ƒä»¥å†…,greet
I'm looking for a jacket,ask_product
"Sure, No works.",reject
Not for me!,reject
Any stylish jackets?ï¼Œâ‰¤199å—,ask_product
Thatâ€™s all for today,done
Not for me,reject
"Thanks, thatâ€™s helpfulï¼Œâ‰¤299å—",confirmation
Let me think... Iâ€™m grateful.,thank_you
Definitely I donâ€™t see anything I want.ï¼Œâ‰¤999å—,reject
Thanks a million.,thank_you
"Sure, Let me think works.ï¼Œaround 499 RMB",undecided
"Hmm, Not what I had in mind I guess.ï¼Œaround 199 RMB",reject
Any stylish jackets?ï¼Œä»·ä½åœ¨499-599å…ƒ,ask_product
Done for nowï¼Œé¢„ç®—199å…ƒ,done
"Yeah, No",reject
Everything looks nice.ï¼Œé¢„ç®—699å…ƒ,undecided
Donâ€™t like themï¼Œ799å…ƒä»¥å†…,reject
Show me cheap options,ask_price
"Yeah, Noï¼Œâ‰¤999å—",reject
Nice selection. That should work.,confirmation
Got any running shoes?ï¼Œunder CNY 999,ask_product
Affordable options pleaseï¼Œä»·ä½åœ¨299-399å…ƒ,ask_price
Just what I had in mind ğŸ‘ï¼Œä¸è¶…è¿‡799å…ƒ,confirmation
thank youï¼Œ599å…ƒä»¥å†…,goodbye
Thank you so so much.,thank_you
Yeah ğŸ‘,confirmation
thank you,goodbye
Thanks so much,thank_you
I need timeï¼Œâ‰¤999å—,undecided
I'm done shoppingï¼Œé¢„ç®—499å…ƒ,done
Thank you heaps.,thank_you
All good nowï¼Œâ‰¤799å—,done
It's a tough call.,undecided
Not interested,reject
What do you have in business style?,ask_style
appreciate your helpï¼Œ999å…ƒä»¥å†…,goodbye
I'm into casual styleï¼Œâ‰¤699å—,ask_style
Iâ€™ll go with thoseï¼Œunder CNY 499,confirmation
Let me think... Later.,goodbye
Fine with meï¼Œ599å…ƒä»¥å†…,confirmation
Thanks for assisting.ï¼Œaround 299 RMB,thank_you
I'm okay now. That should work.,done
Looking for items below $80,ask_price
I'm finished here â€” I like that.ï¼Œä»·ä½åœ¨99-199å…ƒ,done
Great!ï¼Œaround 999 RMB,confirmation
Not useful. Appreciate it!ï¼Œaround 299 RMB,reject
"Hmm, I donâ€™t see anything I want I guess.ï¼Œ499å…ƒä»¥å†…",reject
"Thanks, very useful!ï¼Œunder CNY 599",thank_you
"Nope, that's allï¼Œä¸è¶…è¿‡699å…ƒ",done
I think I like themï¼Œé¢„ç®—499å…ƒ,confirmation
Nice selection? Looks good.ï¼Œ399å…ƒä»¥å†…,confirmation
Iâ€™d like to see other optionsï¼Œä»·ä½åœ¨299-399å…ƒ,reject
These donâ€™t fit my needs? Looks good.,reject
Can I see some coats?ï¼Œ699å…ƒä»¥å†…,ask_product
"You know, Much appreciated.",thank_you
good eveningï¼Œé¢„ç®—399å…ƒ,greet
Let me think... Iâ€™m grateful.ï¼Œunder CNY 699,thank_you
Whatâ€™s the cheapest you have?ï¼Œä¸è¶…è¿‡499å…ƒ,ask_price
Nothing stands out to me yet.,undecided
byeï¼Œä»·ä½åœ¨299-399å…ƒ,goodbye
I'm searching for a raincoatï¼Œ499å…ƒä»¥å†…,ask_product
appreciate your help,goodbye
Enough for today? Looks good.ï¼Œâ‰¤199å—,done
I'm searching for a raincoatï¼Œ799å…ƒä»¥å†…,ask_product
Looking for items below $150,ask_price
Thanks again!ï¼Œâ‰¤999å—,thank_you
"Hmm, Many thanks I guess.",thank_you
Looks promising â€” I like that.,confirmation
Looks greatï¼Œ399å…ƒä»¥å†…,confirmation
Do you have anything under $100?,ask_price
None of these â€” I suppose.ï¼Œä»·ä½åœ¨299-399å…ƒ,reject
Looking for items below $50,ask_price
"Well, See you.",goodbye
No thanksï¼Œaround 399 RMB,done
Do you have any shoes?,ask_product
I want a trendy lookï¼Œé¢„ç®—499å…ƒ,ask_style
Still deciding.,undecided
good evening,greet
I'm on a budget,ask_price
Price range under $80,ask_price
Goodbye,goodbye
I really appreciate your time.,thank_you
I'm a little overwhelmed.ï¼Œ699å…ƒä»¥å†…,undecided
I need time â€” just saying.,undecided
Definitely These match my needs.ï¼Œä»·ä½åœ¨299-399å…ƒ,confirmation
Sweetï¼Œä»·ä½åœ¨499-599å…ƒ,confirmation
Looking for something formalï¼Œaround 999 RMB,ask_style
I'm into casual styleï¼Œâ‰¤299å—,ask_style
Looks good to meï¼Œâ‰¤399å—,confirmation
I like minimal designï¼Œunder CNY 499,ask_style
Still deciding,undecided
hi againï¼Œä»·ä½åœ¨899-999å…ƒ,greet
Show me winter wearï¼Œâ‰¤299å—,ask_product
"Hmm, Many thanks I guess.ï¼Œâ‰¤699å—",thank_you
"Yeah, These arenâ€™t good kinda.ï¼Œ599å…ƒä»¥å†…",reject
Thanks!ï¼Œä»·ä½åœ¨599-699å…ƒ,thank_you
"Thank you, that's helpful.ï¼Œé¢„ç®—999å…ƒ",thank_you
"Sure, this works",confirmation
Not sure,undecided
cheers,goodbye
Let me think... No.,reject
Definitely Iâ€™m finished.,done
Show me cheap optionsï¼Œä»·ä½åœ¨599-699å…ƒ,ask_price
good eveningï¼Œ999å…ƒä»¥å†…,greet
These donâ€™t fit my needsï¼Œä¸è¶…è¿‡999å…ƒ,reject
hiï¼Œ599å…ƒä»¥å†…,greet
I need sneakers,ask_product
Show me formal wear,ask_style
I need something not expensiveï¼Œunder CNY 399,ask_price
"Sure, Thanks so much works.ï¼Œ299å…ƒä»¥å†…",thank_you
Too formalï¼Œé¢„ç®—199å…ƒ,reject
"Thank you, this is great!",thank_you
"You know, Not for me.",reject
cheersï¼Œunder CNY 299,goodbye
Iâ€™ll pass,reject
I need a minute.,undecided
Thanks a lot for the tips.ï¼Œunder CNY 799,thank_you
see you next timeï¼Œä»·ä½åœ¨299-399å…ƒ,goodbye
Not really,reject
I'm hesitating right now.,undecided
Looking for something formal,ask_style
Looking for items below $60,ask_price
Can I see some coats?,ask_product
Many thanks!,thank_you
Try something else,reject
Looking for items below $80,ask_price
No more help neededï¼Œé¢„ç®—299å…ƒ,done
Price range under $180,ask_price
hello assistantï¼Œâ‰¤399å—,greet
greetingsï¼Œ399å…ƒä»¥å†…,greet
"Hmm, Not really I guess.",reject
"They're all nice, I don't know.",undecided
thanks a lotï¼Œä¸è¶…è¿‡199å…ƒ,goodbye
Yeahï¼Œ599å…ƒä»¥å†…,confirmation
Can I get different ones?ï¼Œunder CNY 199,reject
I'm not sure yet.,undecided
Donâ€™t like them,reject
Not really!,reject
Thanks for the suggestions.ï¼Œâ‰¤599å—,thank_you
"Sure, Let me think works.",undecided
Thank you very much.,thank_you
"Well, I can't tell.",undecided
Those are just what I need? Looks good.,confirmation
"Yeah, Not really kinda.",reject
Not useful. Appreciate it!,reject
I'm into casual styleï¼Œä¸è¶…è¿‡599å…ƒ,ask_style
Thatâ€™s everything. That should work.ï¼Œaround 399 RMB,done
hiï¼Œä»·ä½åœ¨299-399å…ƒ,greet
I donâ€™t feel ready to decide.ï¼Œä»·ä½åœ¨899-999å…ƒ,undecided
Definitely I donâ€™t see anything I want.,reject
Looking for items below $150,ask_price
Whatâ€™s the cheapest you have?ï¼Œunder CNY 699,ask_price
Do you sell vintage clothes?ï¼Œ999å…ƒä»¥å†…,ask_style
Looking for items below $50,ask_price
I'm on a budgetï¼Œaround 399 RMB,ask_price
I need something not expensiveï¼Œaround 799 RMB,ask_price
thanks a lotï¼Œä¸è¶…è¿‡199å…ƒ,goodbye
appreciate your help,goodbye
Nice selection? Looks good.ï¼Œ599å…ƒä»¥å†…,confirmation
Any stylish jackets?ï¼Œaround 499 RMB,ask_product
Any stylish jackets?,ask_product
I think Iâ€™ll browse a little more.,undecided
I need time,undecided
I need time!,undecided
Thanks!,thank_you
Iâ€™m not sureï¼Œä»·ä½åœ¨899-999å…ƒ,undecided
talk to you laterï¼Œä¸è¶…è¿‡299å…ƒ,goodbye
I'm finished here,done
"Yeah, These donâ€™t fit my needsï¼Œä¸è¶…è¿‡699å…ƒ",reject
Do you have casual clothes?ï¼Œaround 199 RMB,ask_product
Let me think â€” just saying.ï¼Œä¸è¶…è¿‡199å…ƒ,undecided
I just can't decide yet.,undecided
Looking for items below $150,ask_price
Yeah ğŸ‘ï¼Œä¸è¶…è¿‡699å…ƒ,confirmation
I don't know what I want.ï¼Œé¢„ç®—799å…ƒ,undecided
Thanks! That helps a lot.ï¼Œâ‰¤299å—,thank_you
"No, I'm good",done
Not suitable,reject
I like those,confirmation
Thanks!,thank_you
I'm looking for a jacketï¼Œâ‰¤999å—,ask_product
"Yeah, Not sure about theseï¼Œä»·ä½åœ¨899-999å…ƒ",reject
byeï¼Œä»·ä½åœ¨99-199å…ƒ,goodbye
I need sneakersï¼Œ199å…ƒä»¥å†…,ask_product
Not what Iâ€™m looking for. That should work.ï¼Œâ‰¤999å—,reject
Cheers â€” just saying.,thank_you
I'm done shoppingï¼Œâ‰¤299å—,goodbye
hello assistant,greet
I'm a little overwhelmed.ï¼Œä»·ä½åœ¨499-599å…ƒ,undecided
byeï¼Œä¸è¶…è¿‡499å…ƒ,goodbye
Looking for items below $50,ask_price
helloï¼Œaround 499 RMB,greet
Thanks for the input.,thank_you
Show me cheap optionsï¼Œé¢„ç®—499å…ƒ,ask_price
Do you have anything under $200?,ask_price
Iâ€™m finishedï¼Œ999å…ƒä»¥å†…,done
I'm into casual styleï¼Œé¢„ç®—599å…ƒ,ask_style
All good nowï¼Œé¢„ç®—299å…ƒ,done
Any elegant jackets?,ask_style
I'm torn between options.ï¼Œä»·ä½åœ¨599-699å…ƒ,undecided
Fine with me ğŸ‘ï¼Œ599å…ƒä»¥å†…,confirmation
I donâ€™t like theseï¼Œé¢„ç®—199å…ƒ,reject
Can I see some coats?ï¼Œ399å…ƒä»¥å†…,ask_product
Thanks so muchï¼Œunder CNY 799,thank_you
Nothing else,done
thank you,goodbye
I like minimal designï¼Œ199å…ƒä»¥å†…,ask_style
Nope... maybe.ï¼Œé¢„ç®—599å…ƒ,reject
"Youâ€™ve been great, thanks.ï¼Œâ‰¤699å—",thank_you
I might come back to this.ï¼Œä¸è¶…è¿‡399å…ƒ,undecided
Too cheapï¼Œä»·ä½åœ¨399-499å…ƒ,reject
Affordable options pleaseï¼Œä»·ä½åœ¨899-999å…ƒ,ask_price
Thanks again!ï¼Œaround 699 RMB,thank_you
Iâ€™m doneï¼Œ499å…ƒä»¥å†…,done
No further help ğŸ‘ï¼Œä»·ä½åœ¨99-199å…ƒ,done
Appreciate the recommendation.ï¼Œ199å…ƒä»¥å†…,thank_you
bye,goodbye
Let me think this through.,undecided
appreciate your helpï¼Œé¢„ç®—199å…ƒ,goodbye
bye,goodbye
hi againï¼Œunder CNY 499,greet
Price range under $96,ask_price
Looking for items below $150,ask_price
Do you sell vintage clothes?,ask_style
Appreciate it a lot.ï¼Œâ‰¤399å—,thank_you
Iâ€™m satisfied,done
Let me think... No.ï¼Œ199å…ƒä»¥å†…,reject
Iâ€™m leavingï¼Œâ‰¤799å—,done
Show me formal wearï¼Œunder CNY 799,ask_style
Do you have any shoes?ï¼Œunder CNY 599,ask_product
Is there a discount section?ï¼Œunder CNY 999,ask_price
"Everything looks good, I can't choose.ï¼Œaround 999 RMB",undecided
Looking for items below $50,ask_price
What do you have in business style?ï¼Œaround 499 RMB,ask_style
I'm into casual style,ask_style
I need to consider my options.ï¼Œä¸è¶…è¿‡299å…ƒ,undecided
Do you have anything under $80?,ask_price
I donâ€™t want moreï¼Œaround 699 RMB,done
"Yeah, These arenâ€™t good kinda.ï¼Œ299å…ƒä»¥å†…",reject
"Nope, that's all",done
I want to buy some bootsï¼Œaround 799 RMB,ask_product
Thanks a lot,thank_you
Thanks a lot â€” just saying.ï¼Œunder CNY 499,thank_you
Thank you so so much.ï¼Œâ‰¤399å—,thank_you
None of these... maybe.ï¼Œ199å…ƒä»¥å†…,reject
I can't tellï¼Œä¸è¶…è¿‡599å…ƒ,undecided
Thatâ€™s all for todayï¼Œ699å…ƒä»¥å†…,done
Nopeï¼Œâ‰¤299å—,reject
Thanks for the suggestions.,thank_you
Not interestedï¼Œaround 399 RMB,reject
Thatâ€™s not what I meant,reject
Looking for items below $150,ask_price
Let me think... Iâ€™ll pass.ï¼Œunder CNY 599,reject
Many thanks.,thank_you
Price range under $80,ask_price
Not what Iâ€™m looking forï¼Œâ‰¤599å—,reject
I feel undecided.ï¼Œaround 199 RMB,undecided
Just what I had in mindï¼Œâ‰¤699å—,confirmation
Iâ€™m done lookingï¼Œé¢„ç®—599å…ƒ,done
That's all I wanted â€” I like that.ï¼Œaround 999 RMB,done
greetings,greet
I'm searching for a raincoatï¼Œä¸è¶…è¿‡799å…ƒ,ask_product
Do you have casual clothes?ï¼Œ499å…ƒä»¥å†…,ask_product
Any stylish jackets?ï¼Œé¢„ç®—699å…ƒ,ask_product
Thank you!ï¼Œé¢„ç®—799å…ƒ,thank_you
Thanks for the info.ï¼Œâ‰¤699å—,thank_you
"Sure, Let me think works.",undecided
Iâ€™m not sure â€” I suppose.,undecided
This doesnâ€™t helpï¼Œä¸è¶…è¿‡799å…ƒ,reject
Not interestedï¼Œé¢„ç®—499å…ƒ,reject
I'm really not sure yet.ï¼Œä¸è¶…è¿‡799å…ƒ,undecided
Looks promising â€” I like that.ï¼Œä¸è¶…è¿‡199å…ƒ,confirmation
Those are just what I needï¼Œunder CNY 599,confirmation
I donâ€™t feel ready to decide.,undecided
Not what I had in mindï¼Œunder CNY 599,reject
It's not an easy choice.ï¼Œaround 299 RMB,undecided
Got any running shoes?ï¼Œâ‰¤399å—,ask_product
Do you have anything under $80?,ask_price
These donâ€™t fit my needs? Looks good.ï¼Œaround 499 RMB,reject
Cheers â€” just saying.ï¼Œaround 199 RMB,thank_you
I'm searching for a raincoatï¼Œunder CNY 599,ask_product
Looking for items below $60,ask_price
Show me formal wearï¼Œaround 799 RMB,ask_style
Not useful. Appreciate it!ï¼Œé¢„ç®—299å…ƒ,reject
I need something stylishï¼Œé¢„ç®—999å…ƒ,ask_style
I'm on the fence.ï¼Œä¸è¶…è¿‡599å…ƒ,undecided
thank youï¼Œä¸è¶…è¿‡399å…ƒ,goodbye
how are youï¼Œâ‰¤999å—,greet
Thanks for your help.ï¼Œâ‰¤499å—,thank_you
Thank you for the help.ï¼Œ199å…ƒä»¥å†…,thank_you
Show me cheap optionsï¼Œ999å…ƒä»¥å†…,ask_price
Enough for today? Looks good.,done
I'm torn between options.ï¼Œunder CNY 399,undecided
Let me take a moment.,undecided
Much appreciated!ï¼Œä¸è¶…è¿‡499å…ƒ,thank_you
Great!,confirmation
Let me sleep on it.ï¼Œ599å…ƒä»¥å†…,undecided
good morning,greet
I donâ€™t know,undecided
"Sure, Thanks so much works.ï¼Œaround 999 RMB",thank_you
"You know, Much appreciated.ï¼Œaround 799 RMB",thank_you
thanks a lot,goodbye
Thank you.ï¼Œunder CNY 999,thank_you
That's exactly what I wantedï¼Œä»·ä½åœ¨99-199å…ƒ,confirmation
Any stylish jackets?,ask_product
Not my styleï¼Œ299å…ƒä»¥å†…,reject
Iâ€™m grateful â€” I suppose.ï¼Œaround 299 RMB,thank_you
Good choices. Appreciate it!ï¼Œé¢„ç®—299å…ƒ,confirmation
Definitely These match my needs.,confirmation
Cheers,thank_you
"Yeah, These donâ€™t fit my needsï¼Œä»·ä½åœ¨399-499å…ƒ",reject
No further help ğŸ‘ï¼Œé¢„ç®—299å…ƒ,done
These arenâ€™t what I wantï¼Œä¸è¶…è¿‡299å…ƒ,reject
Yeah ğŸ‘ï¼Œ799å…ƒä»¥å†…,confirmation
These donâ€™t fit my needs? Looks good.ï¼Œ699å…ƒä»¥å†…,reject
I need a minute.ï¼Œä»·ä½åœ¨899-999å…ƒ,undecided
Do you have anything under $80?,ask_price
Looking for something formal,ask_style
Whatâ€™s the cheapest you have?ï¼Œ199å…ƒä»¥å†…,ask_price
thank youï¼Œé¢„ç®—999å…ƒ,goodbye
"Yeah, Iâ€™m grateful kinda.",thank_you
Iâ€™m grateful,thank_you
Do you have sporty outfits?,ask_style
Show me winter wearï¼Œä»·ä½åœ¨599-699å…ƒ,ask_product
I'm on a budgetï¼Œé¢„ç®—299å…ƒ,ask_price
"Hmm, Theyâ€™re fine I guess.",confirmation
greetingsï¼Œé¢„ç®—299å…ƒ,greet
These donâ€™t fit my needsï¼Œâ‰¤299å—,reject
Whatâ€™s the cheapest you have?,ask_price
Can I get different ones?ï¼Œunder CNY 699,reject
"Thanks, that was great!",thank_you
Looking for items below $50,ask_price
hello assistantï¼Œaround 399 RMB,greet
Looking for items below $150,ask_price
hello assistantï¼Œunder CNY 199,greet
heyï¼Œä¸è¶…è¿‡399å…ƒ,greet
"Hmm, I donâ€™t see anything I want I guess.",reject
I donâ€™t need anything else,done
"Appreciate it, thank you.ï¼Œunder CNY 499",thank_you
I want to explore a bit more first.,undecided
"Definitely Sure, this works.ï¼Œä»·ä½åœ¨199-299å…ƒ",confirmation
Not really!ï¼Œâ‰¤199å—,reject
I think Iâ€™ll browse a little more.ï¼Œâ‰¤299å—,undecided
"Well, Thanks again.ï¼Œaround 399 RMB",thank_you
Perfect? Looks good.ï¼Œä¸è¶…è¿‡299å…ƒ,confirmation
"Sure, this worksï¼Œ199å…ƒä»¥å†…",confirmation
Too formalï¼Œä¸è¶…è¿‡399å…ƒ,reject
I'm looking for a jacketï¼Œé¢„ç®—599å…ƒ,ask_product
Appreciate your support.ï¼Œé¢„ç®—499å…ƒ,thank_you
Looking for something formalï¼Œaround 599 RMB,ask_style
Thanks again!ï¼Œä¸è¶…è¿‡499å…ƒ,thank_you
Thatâ€™ll be allï¼Œâ‰¤199å—,done
Thanks for your guidance.,thank_you
Looking for items below $150,ask_price
Iâ€™m not sure â€” I suppose.ï¼Œä»·ä½åœ¨499-599å…ƒ,undecided
goodbyeï¼Œâ‰¤599å—,goodbye
Many thanks!ï¼Œä¸è¶…è¿‡699å…ƒ,thank_you
I'm on a budgetï¼Œé¢„ç®—199å…ƒ,ask_price
goodbye,goodbye
Is there a discount section?ï¼Œ199å…ƒä»¥å†…,ask_price
byeï¼Œunder CNY 499,goodbye
I want to buy some boots,ask_product
"Thanks, that helps!ï¼Œaround 299 RMB",thank_you
I haven't decided â€” I suppose.ï¼Œé¢„ç®—799å…ƒ,undecided
Not what Iâ€™m looking for,reject
"Well, Thanks again.ï¼Œaround 699 RMB",thank_you
I want a trendy look,ask_style
"Yeah, Iâ€™m grateful kinda.ï¼Œä»·ä½åœ¨99-199å…ƒ",thank_you
See you... maybe.,goodbye
Looking for items below $80,ask_price
I need something stylish,ask_style
Looking for items below $50,ask_price
heyï¼Œä¸è¶…è¿‡699å…ƒ,greet
Can I see some coats?ï¼Œâ‰¤499å—,ask_product
"Definitely Sure, this works.ï¼Œâ‰¤499å—",confirmation
goodbye,goodbye
"Thanks, Iâ€™m all setï¼Œä»·ä½åœ¨199-299å…ƒ",done
Try something else!,reject
These match my needsï¼Œ299å…ƒä»¥å†…,confirmation
bye,goodbye
Not useful,reject
Show me others. Appreciate it!ï¼Œé¢„ç®—499å…ƒ,reject
Iâ€™m still weighing my options.,undecided
"Yeah, Can I get different ones?ï¼Œ799å…ƒä»¥å†…",reject
Not my style. That should work.,reject
Definitely These match my needs.ï¼Œâ‰¤999å—,confirmation
I'm okay nowï¼Œaround 299 RMB,done
I'm done shoppingï¼Œä¸è¶…è¿‡599å…ƒ,goodbye
I need sneakers,ask_product
Thanks for your guidance.ï¼Œä»·ä½åœ¨699-799å…ƒ,thank_you
I'm searching for a raincoatï¼Œä»·ä½åœ¨299-399å…ƒ,ask_product
Looking for items below $50,ask_price
Big thanks!ï¼Œä¸è¶…è¿‡499å…ƒ,thank_you
"Thanks, very useful!",thank_you
Let me think... Maybe.,undecided
Got any running shoes?ï¼Œ699å…ƒä»¥å†…,ask_product
I'll come back laterï¼Œä¸è¶…è¿‡999å…ƒ,goodbye
I want to explore a bit more first.ï¼Œunder CNY 299,undecided
Price range under $180,ask_price
"Youâ€™ve been great, thanks.",thank_you
See you,goodbye
Got any running shoes?,ask_product
I'd say I like those.ï¼Œä»·ä½åœ¨399-499å…ƒ,confirmation
Sweet,confirmation
Is there a discount section?,ask_price
hey there,greet
I'm okay now,done
Any elegant jackets?,ask_style
hello assistantï¼Œunder CNY 399,greet
greetingsï¼Œä»·ä½åœ¨899-999å…ƒ,greet
I need something stylishï¼Œé¢„ç®—499å…ƒ,ask_style
Many thanks.ï¼Œä¸è¶…è¿‡199å…ƒ,thank_you
Any stylish jackets?ï¼Œé¢„ç®—799å…ƒ,ask_product
Not usefulï¼Œ499å…ƒä»¥å†…,reject
Iâ€™m good,done
helloï¼Œ399å…ƒä»¥å†…,greet
good evening,greet
Whatâ€™s the cheapest you have?ï¼Œaround 699 RMB,ask_price
Looking for something formalï¼Œaround 199 RMB,ask_style
Looking for items below $80,ask_price
hello assistantï¼Œä¸è¶…è¿‡999å…ƒ,greet
Too sportyï¼Œaround 299 RMB,reject
"You know, Many thanks.",thank_you
Sincerely appreciate it.,thank_you
Thatâ€™s allï¼Œä»·ä½åœ¨399-499å…ƒ,done
Not for meï¼Œä¸è¶…è¿‡799å…ƒ,reject
I want a trendy lookï¼Œâ‰¤799å—,ask_style
"Well, Could I see others.ï¼Œ999å…ƒä»¥å†…",reject
Those are just what I needï¼Œunder CNY 499,confirmation
Not really â€” I suppose.,reject
Not what Iâ€™m looking for. That should work.ï¼Œâ‰¤999å—,reject
What do you have in business style?,ask_style
"Hmm, I donâ€™t see anything I want I guess.ï¼Œunder CNY 499",reject
Too sportyï¼Œâ‰¤199å—,reject
Could I see others... maybe.ï¼Œé¢„ç®—499å…ƒ,reject
"Thanks, that helps!",thank_you
Not what I had in mind â€” cool!,reject
Not sure â€” I suppose.ï¼Œä¸è¶…è¿‡799å…ƒ,undecided
I need something not expensiveï¼Œä»·ä½åœ¨399-499å…ƒ,ask_price
Thanks again!,thank_you
These donâ€™t fit my needs â€” I like that.,reject
talk to you laterï¼Œä»·ä½åœ¨599-699å…ƒ,goodbye
"Cool, Iâ€™ll take a look",confirmation
"You know, Maybe.",undecided
Show me winter wearï¼Œaround 299 RMB,ask_product
hi,greet
Whatâ€™s the cheapest you have?ï¼Œä¸è¶…è¿‡699å…ƒ,ask_price
Let me think... Not interested.,reject
Iâ€™m goodï¼Œä»·ä½åœ¨299-399å…ƒ,done
Looking for items below $50,ask_price
appreciate your helpï¼Œä»·ä½åœ¨299-399å…ƒ,goodbye
Thank you for the help.ï¼Œâ‰¤499å—,thank_you
"Well, Thank you.ï¼Œä»·ä½åœ¨399-499å…ƒ",thank_you
Let me think this through.ï¼Œunder CNY 199,undecided
I don't want to rush this.,undecided
Whatâ€™s the cheapest you have?ï¼Œä»·ä½åœ¨499-599å…ƒ,ask_price
Thatâ€™ll be all,done
Still deciding.ï¼Œé¢„ç®—299å…ƒ,undecided
hi againï¼Œaround 199 RMB,greet
These will work,confirmation
I'm looking for a jacketï¼Œaround 199 RMB,ask_product
Got any running shoes?,ask_product
thank you,goodbye
thank youï¼Œâ‰¤999å—,goodbye
helloï¼Œä»·ä½åœ¨599-699å…ƒ,greet
Looks great,confirmation
This doesnâ€™t helpï¼Œunder CNY 399,reject
I'm searching for a raincoatï¼Œé¢„ç®—499å…ƒ,ask_product
I appreciate your time.ï¼Œunder CNY 499,thank_you
thanks a lotï¼Œâ‰¤599å—,goodbye
Affordable options please,ask_price
Not reallyï¼Œunder CNY 699,reject
I'm on a budget,ask_price
Thanks for your guidance.ï¼Œâ‰¤999å—,thank_you
This is a difficult decision.ï¼Œ699å…ƒä»¥å†…,undecided
Let me take a moment.ï¼Œaround 299 RMB,undecided
These will work â€” I like that.ï¼Œ499å…ƒä»¥å†…,confirmation
appreciate your helpï¼Œâ‰¤999å—,goodbye
I want to buy some bootsï¼Œé¢„ç®—999å…ƒ,ask_product
I like minimal designï¼Œunder CNY 799,ask_style
Not for meï¼Œaround 199 RMB,reject
Looking for something formalï¼Œaround 599 RMB,ask_style
hey thereï¼Œaround 299 RMB,greet
hi again,greet
Can I get different ones?. That should work.ï¼Œaround 399 RMB,reject
goodbyeï¼Œé¢„ç®—399å…ƒ,goodbye
I'm really not sure yet.,undecided
Looking for items below $150,ask_price
Itâ€™s hard to make a decision.,undecided
I want a trendy lookï¼Œunder CNY 599,ask_style
Later,goodbye
Price range under $30,ask_price
Can I see some coats?ï¼Œâ‰¤399å—,ask_product
Do you have sporty outfits?,ask_style
Thanks!ï¼Œ399å…ƒä»¥å†…,thank_you
"Really grateful, thanks!",thank_you
Looking for items below $60,ask_price
Looking for items below $150,ask_price
appreciate your helpï¼Œé¢„ç®—499å…ƒ,goodbye
"Yeah, Thank you kinda.ï¼Œunder CNY 299",thank_you
I'm into casual styleï¼Œ399å…ƒä»¥å†…,ask_style
I want a trendy lookï¼Œâ‰¤499å—,ask_style
Any elegant jackets?ï¼Œé¢„ç®—599å…ƒ,ask_style
Is there a discount section?,ask_price
Do you have anything under $80?,ask_price
byeï¼Œâ‰¤599å—,goodbye
I'm searching for a raincoat,ask_product
Do you sell vintage clothes?ï¼Œä¸è¶…è¿‡299å…ƒ,ask_style
Itâ€™s hard to make a decision.ï¼Œé¢„ç®—999å…ƒ,undecided
"Well, Thanks, thatâ€™s all.",goodbye
"Sure, Many thanks works.",thank_you
Thank you heaps.ï¼Œâ‰¤199å—,thank_you
"Well, Not really.",reject
Looking for something formal,ask_style
Not for meï¼Œé¢„ç®—299å…ƒ,reject
Got any running shoes?ï¼Œ599å…ƒä»¥å†…,ask_product
Not what I had in mind,reject
Whatâ€™s the cheapest you have?,ask_price
I'm into casual styleï¼Œé¢„ç®—499å…ƒ,ask_style
Price range under $96,ask_price
I need something not expensive,ask_price
Nothing stands out,reject
Many thanksï¼Œâ‰¤799å—,thank_you
I donâ€™t want more,done
"Thanks, that was great!ï¼Œunder CNY 199",thank_you
Looking for something formalï¼Œä»·ä½åœ¨699-799å…ƒ,ask_style
byeï¼Œä»·ä½åœ¨399-499å…ƒ,goodbye
"Well, Thanks a lot.ï¼Œ799å…ƒä»¥å†…",thank_you
I might come back to this.ï¼Œ999å…ƒä»¥å†…,undecided
"Yeah, Not sure about these",reject
Let me think,undecided
appreciate your help,goodbye
Those are just what I need,confirmation
Iâ€™m not sure â€” I suppose.,undecided
"You know, Appreciate it.ï¼Œä¸è¶…è¿‡599å…ƒ",thank_you
Thatâ€™ll be allï¼Œä¸è¶…è¿‡199å…ƒ,done
Maybe later.ï¼Œ299å…ƒä»¥å†…,undecided
These donâ€™t fit my needs â€” I like that.ï¼Œâ‰¤799å—,reject
Thatâ€™s not what I meant? Looks good.ï¼Œunder CNY 799,reject
Looking for items below $60,ask_price
I'm searching for a raincoatï¼Œä»·ä½åœ¨599-699å…ƒ,ask_product
Iâ€™m gratefulï¼Œä»·ä½åœ¨499-599å…ƒ,thank_you
Affordable options pleaseï¼Œé¢„ç®—299å…ƒ,ask_price
Show me formal wearï¼Œâ‰¤599å—,ask_style
hi again,greet
Love themï¼Œ399å…ƒä»¥å†…,confirmation
"You know, Let me think.ï¼Œé¢„ç®—699å…ƒ",undecided
how are youï¼Œâ‰¤599å—,greet
Nothing good here,reject
Iâ€™m done â€” I suppose.,goodbye
Let me think... Not sure.ï¼Œunder CNY 299,undecided
Do you have anything under $120?,ask_price
I need sneakersï¼Œunder CNY 299,ask_product
Let me think... Nope.,reject
Can I get back to you?,undecided
These donâ€™t fit my needs â€” I like that.ï¼Œé¢„ç®—799å…ƒ,reject
greetingsï¼Œunder CNY 199,greet
Iâ€™m not sure â€” I suppose.ï¼Œunder CNY 399,undecided
talk to you later,goodbye
I want a trendy look,ask_style
Many thanksï¼Œé¢„ç®—799å…ƒ,thank_you
"Sure, Let me think works.ï¼Œâ‰¤999å—",undecided
bye,goodbye
Do you have anything under $200?,ask_price
Thatâ€™s not what I meant. That should work.ï¼Œä»·ä½åœ¨499-599å…ƒ,reject
I want to buy some bootsï¼Œä¸è¶…è¿‡199å…ƒ,ask_product
"Well, Thanks a lot.ï¼Œé¢„ç®—799å…ƒ",thank_you
I like too many of them.ï¼Œä¸è¶…è¿‡499å…ƒ,undecided
Could I see others!ï¼Œunder CNY 399,reject
I'm into casual style,ask_style
Looking for something formalï¼Œ699å…ƒä»¥å†…,ask_style
Nothing really stands out yet.,undecided
Iâ€™ll go with thoseï¼Œâ‰¤599å—,confirmation
Looks promisingï¼Œâ‰¤399å—,confirmation
"Well, I can't tell.ï¼Œä»·ä½åœ¨599-699å…ƒ",undecided
I'm on a budgetï¼Œé¢„ç®—599å…ƒ,ask_price
I just need some time.ï¼Œä¸è¶…è¿‡799å…ƒ,undecided
Do you have anything under $100?,ask_price
Any low-cost jackets?ï¼Œâ‰¤299å—,ask_price
"Appreciate it, thank you.",thank_you
Iâ€™m not sure â€” I suppose.ï¼Œä¸è¶…è¿‡299å…ƒ,undecided
Let me think â€” just saying.,undecided
Thatâ€™s it for nowï¼Œä»·ä½åœ¨499-599å…ƒ,done
Maybeï¼Œ599å…ƒä»¥å†…,undecided
Thanks a million.ï¼Œé¢„ç®—399å…ƒ,thank_you
I donâ€™t like these? Looks good.ï¼Œunder CNY 399,reject
Let me look a bit more.ï¼Œâ‰¤299å—,undecided
hi againï¼Œaround 499 RMB,greet
Too formal,reject
Looks promising,confirmation
I need some time.ï¼Œâ‰¤199å—,undecided
Grateful for your advice.,thank_you
thank youï¼Œâ‰¤599å—,goodbye
Thatâ€™s everythingï¼Œä¸è¶…è¿‡699å…ƒ,done
"Thank you, that's helpful.ï¼Œ499å…ƒä»¥å†…",thank_you
Looking for items below $60,ask_price
good morningï¼Œä¸è¶…è¿‡699å…ƒ,greet
byeï¼Œé¢„ç®—599å…ƒ,goodbye
"You know, Much appreciated.ï¼Œ399å…ƒä»¥å†…",thank_you
Nothing stands out to me yet.ï¼Œaround 599 RMB,undecided
Price range under $64,ask_price
I need time!ï¼Œé¢„ç®—399å…ƒ,undecided
Show me cheap optionsï¼Œâ‰¤199å—,ask_price
Appreciate it a lot.,thank_you
"Thank you, this is great!ï¼Œä»·ä½åœ¨899-999å…ƒ",thank_you
Thank you kindly.,thank_you
"Well, Thank you.ï¼Œaround 299 RMB",thank_you
I want to explore a bit more first.ï¼Œâ‰¤799å—,undecided
Maybe â€” I suppose.ï¼Œunder CNY 299,undecided
Do you sell vintage clothes?,ask_style
I need something stylish,ask_style
"Hmm, I can't tell I guess.ï¼Œ599å…ƒä»¥å†…",undecided
I need sneakers,ask_product
Catch you later â€” I suppose.,goodbye
Any stylish jackets?ï¼Œä»·ä½åœ¨699-799å…ƒ,ask_product
I feel undecided.,undecided
Price range under $96,ask_price
Appreciate your support.ï¼Œ599å…ƒä»¥å†…,thank_you
Show me winter wearï¼Œé¢„ç®—199å…ƒ,ask_product
Looking for items below $60,ask_price
I might come back to this.,undecided
see you next timeï¼Œä»·ä½åœ¨599-699å…ƒ,goodbye
goodbyeï¼Œä»·ä½åœ¨199-299å…ƒ,goodbye
Looking for items below $80,ask_price
see you next time,goodbye
hi againï¼Œâ‰¤199å—,greet
Let me think... Iâ€™m grateful.ï¼Œâ‰¤399å—,thank_you
I can't tell,undecided
Iâ€™m browsing casually for now.ï¼Œaround 799 RMB,undecided
I like thoseï¼Œaround 599 RMB,confirmation
Do you have anything under $120?,ask_price
hi againï¼Œaround 299 RMB,greet
I donâ€™t know... maybe.,undecided
I'm looking for a jacket,ask_product
Definitely I'm done shopping.ï¼Œ499å…ƒä»¥å†…,done
Thank you... maybe.,thank_you
I like minimal design,ask_style
Looking for something formalï¼Œaround 299 RMB,ask_style
hello assistantï¼Œaround 499 RMB,greet
Thatâ€™s everythingï¼Œé¢„ç®—599å…ƒ,done
Do you have any shoes?ï¼Œunder CNY 999,ask_product
These arenâ€™t what I want,reject
Appreciate the recommendation.,thank_you
Thanks!ï¼Œä¸è¶…è¿‡999å…ƒ,thank_you
Let me sleep on it.,undecided
I'm hesitating right now.ï¼Œunder CNY 799,undecided
Thatâ€™s allï¼Œä»·ä½åœ¨699-799å…ƒ,done
Looking for items below $50,ask_price
Thank you â€” just saying.ï¼Œaround 399 RMB,thank_you
I'm done shoppingï¼Œä¸è¶…è¿‡999å…ƒ,goodbye
how are youï¼Œ999å…ƒä»¥å†…,greet
Any low-cost jackets?,ask_price
Show me others. Appreciate it!,reject
Maybe â€” just saying.,undecided
Do you sell vintage clothes?ï¼Œâ‰¤999å—,ask_style
That's all I wanted,done
Could I see others... maybe.,reject
Looking for items below $80,ask_price
Big thanks!ï¼Œaround 699 RMB,thank_you
Iâ€™m goodï¼Œé¢„ç®—999å…ƒ,done
I want a trendy lookï¼Œaround 299 RMB,ask_style
What do you have in business style?,ask_style
Thank youï¼Œä¸è¶…è¿‡999å…ƒ,thank_you
"They're all nice, I don't know.ï¼Œä¸è¶…è¿‡599å…ƒ",undecided
I'm finished here â€” I like that.,done
Thanks a ton!,thank_you
I'm done shopping,goodbye
Any stylish jackets?,ask_product
I want to check more options.ï¼Œä»·ä½åœ¨599-699å…ƒ,undecided
I haven't decided,undecided
talk to you later,goodbye
I want to buy some boots,ask_product
"Well, Thanks a lot.",thank_you
appreciate your help,goodbye
What do you have in business style?ï¼Œé¢„ç®—699å…ƒ,ask_style
hiï¼Œä»·ä½åœ¨499-599å…ƒ,greet
Show me cheap options,ask_price
I'm on a budgetï¼Œé¢„ç®—299å…ƒ,ask_price
Thatâ€™s all for todayï¼Œâ‰¤299å—,done
Perfectï¼Œä¸è¶…è¿‡699å…ƒ,confirmation
Looks good to me? Looks good.ï¼Œé¢„ç®—999å…ƒ,confirmation
Do you have sporty outfits?ï¼Œä¸è¶…è¿‡299å…ƒ,ask_style
"Yeah, These donâ€™t fit my needs",reject
hi againï¼Œ199å…ƒä»¥å†…,greet
Looking for items below $80,ask_price
Thanks for the info.ï¼Œunder CNY 599,thank_you
"Youâ€™ve been great, thanks.ï¼Œä¸è¶…è¿‡799å…ƒ",thank_you
Nopeï¼Œunder CNY 699,reject
None of these,reject
That's all I wanted â€” I like that.ï¼Œunder CNY 299,done
These arenâ€™t good â€” just saying.ï¼Œâ‰¤299å—,reject
Any elegant jackets?ï¼Œâ‰¤499å—,ask_style
Too cheap ğŸ‘,reject
"You know, Much appreciated.ï¼Œä»·ä½åœ¨399-499å…ƒ",thank_you
Wonderful,confirmation
Sincerely appreciate it.ï¼Œâ‰¤599å—,thank_you
Do you have sporty outfits?ï¼Œaround 799 RMB,ask_style
Not ready to choose.ï¼Œunder CNY 299,undecided
Thanks for assisting.,thank_you
"Hmm, Nope, that's all I guess.ï¼Œ499å…ƒä»¥å†…",done
Not what Iâ€™m looking for. That should work.,reject
Looking for items below $60,ask_price
Thank you for the help.,thank_you
It's not an easy choice.,undecided
greetingsï¼Œunder CNY 699,greet
I'm on a budgetï¼Œ799å…ƒä»¥å†…,ask_price
Sweetï¼Œunder CNY 999,confirmation
Too cheap,reject
"Yeah, These arenâ€™t good kinda.",reject
Not reallyï¼Œunder CNY 999,reject
None of these â€” just saying.,reject
Looking for items below $50,ask_price
Iâ€™ll come back laterï¼Œâ‰¤299å—,done
hello assistant,greet
Any low-cost jackets?ï¼Œä¸è¶…è¿‡699å…ƒ,ask_price
Let me think this through.ï¼Œä¸è¶…è¿‡699å…ƒ,undecided
I need something not expensiveï¼Œaround 699 RMB,ask_price
I'm searching for a raincoat,ask_product
I'm done shopping,goodbye
Any elegant jackets?,ask_style
Thank you â€” just saying.,thank_you
byeï¼Œunder CNY 199,goodbye
thank youï¼Œunder CNY 799,goodbye
how are you,greet
Price range under $96,ask_price
Thanks a lotï¼Œâ‰¤799å—,thank_you
Thanks againï¼Œ599å…ƒä»¥å†…,thank_you
"Sure, Many thanks works.ï¼Œ999å…ƒä»¥å†…",thank_you
Can I get back to you?ï¼Œä»·ä½åœ¨199-299å…ƒ,undecided
Looking for items below $50,ask_price
I like what I see,confirmation
Donâ€™t like themï¼Œä¸è¶…è¿‡699å…ƒ,reject
Good choicesï¼Œé¢„ç®—599å…ƒ,confirmation
I need something not expensiveï¼Œunder CNY 399,ask_price
I'm searching for a raincoatï¼Œ699å…ƒä»¥å†…,ask_product
Price range under $80,ask_price
I donâ€™t feel ready to decide.ï¼Œâ‰¤999å—,undecided
goodbyeï¼Œaround 599 RMB,goodbye
What do you have in business style?ï¼Œunder CNY 699,ask_style
These match my needs? Looks good.,confirmation
Do you have sporty outfits?,ask_style
I'm into casual style,ask_style
"Thanks, very useful!ï¼Œä»·ä½åœ¨899-999å…ƒ",thank_you
"You know, Many thanks.",thank_you
Cheers â€” just saying.ï¼Œunder CNY 999,thank_you
Affordable options please,ask_price
"Hmm, Later I guess.",goodbye
Thank you so much.,thank_you
Looking for items below $150,ask_price
Take care,goodbye
I like minimal design,ask_style
Any stylish jackets?ï¼Œ199å…ƒä»¥å†…,ask_product
Any stylish jackets?ï¼Œâ‰¤699å—,ask_product
I appreciate your time.,thank_you
I need something stylish,ask_style
"Appreciate it, thank you.ï¼Œä¸è¶…è¿‡699å…ƒ",thank_you
I need something not expensive,ask_price
Iâ€™ll go with those,confirmation
Looking for something formal,ask_style
I want a trendy look,ask_style
Not what I had in mindï¼Œaround 199 RMB,reject
I'm into casual styleï¼Œ499å…ƒä»¥å†…,ask_style
Do you have anything under $100?,ask_price
Looking for something formalï¼Œä¸è¶…è¿‡599å…ƒ,ask_style
"Yeah, Can I get different ones?ï¼Œé¢„ç®—999å…ƒ",reject
None of these workï¼Œä»·ä½åœ¨299-399å…ƒ,reject
"You know, Appreciate it.",thank_you
Show me formal wear,ask_style
"Yeah, Thanks, thatâ€™s all kinda.",goodbye
I like what I seeï¼Œé¢„ç®—499å…ƒ,confirmation
"Well, Thank you.",thank_you
I like what I seeï¼Œä¸è¶…è¿‡599å…ƒ,confirmation
Let me think... Iâ€™ll pass.,reject
I'm into casual styleï¼Œunder CNY 999,ask_style
Looking for items below $60,ask_price
I feel undecided.ï¼Œä»·ä½åœ¨299-399å…ƒ,undecided
I need something not expensive,ask_price
appreciate your helpï¼Œ599å…ƒä»¥å†…,goodbye
cheers,goodbye
What do you have in business style?ï¼Œunder CNY 699,ask_style
I like too many of them.,undecided
heyï¼Œunder CNY 599,greet
Thatâ€™s nice,confirmation
I'm on a budgetï¼Œunder CNY 299,ask_price
I really appreciate your time.ï¼Œä¸è¶…è¿‡199å…ƒ,thank_you
Do you have sporty outfits?ï¼Œä»·ä½åœ¨499-599å…ƒ,ask_style
Iâ€™m browsing casually for now.ï¼Œunder CNY 799,undecided
appreciate your help,goodbye
bye,goodbye
bye,goodbye
Looking for items below $50,ask_price
Can I see some coats?,ask_product
Iâ€™m not sure,undecided
Do you have sporty outfits?,ask_style
"Hmm, I haven't decided I guess.ï¼Œé¢„ç®—399å…ƒ",undecided
Those are just what I need? Looks good.ï¼Œ199å…ƒä»¥å†…,confirmation
I need something not expensive,ask_price
cheers,goodbye
thank youï¼Œaround 399 RMB,goodbye
Do you have anything under $50?,ask_price
cheers,goodbye
I'm looking for a jacket,ask_product
Love themï¼Œ699å…ƒä»¥å†…,confirmation
"Sure, Thanks so much works.",thank_you
Thatâ€™s not what I meantï¼Œunder CNY 999,reject
see you next timeï¼Œä¸è¶…è¿‡399å…ƒ,goodbye
hi again,greet
I need something not expensive,ask_price
Can I get different ones?,reject
Not my style. That should work.ï¼Œ299å…ƒä»¥å†…,reject
Can I see some coats?ï¼Œaround 699 RMB,ask_product
Price range under $64,ask_price
hello assistant,greet
"Well, Could I see others.ï¼Œé¢„ç®—399å…ƒ",reject
hello assistantï¼Œä»·ä½åœ¨699-799å…ƒ,greet
good morningï¼Œunder CNY 199,greet
What do you have in business style?,ask_style
Definitely Too sporty.,reject
hi again,greet
That's all I wantedï¼Œä¸è¶…è¿‡199å…ƒ,done
Still deciding.ï¼Œä»·ä½åœ¨399-499å…ƒ,undecided
Price range under $180,ask_price
Enough for todayï¼Œâ‰¤599å—,done
None of these workï¼Œé¢„ç®—299å…ƒ,reject
Not suitableï¼Œaround 599 RMB,reject
hi againï¼Œä»·ä½åœ¨599-699å…ƒ,greet
I need sneakersï¼Œ499å…ƒä»¥å†…,ask_product
That's exactly what I wanted,confirmation
hey,greet
Looks good to me? Looks good.ï¼Œâ‰¤399å—,confirmation
Let me look a bit more.,undecided
I'm unsure right now.ï¼Œunder CNY 699,undecided
see you next time,goodbye
Iâ€™m leavingï¼Œâ‰¤199å—,done
Looking for items below $80,ask_price
I'm on a budget,ask_price
Thanks for the input.ï¼Œaround 799 RMB,thank_you
Let me think... Iâ€™ll pass.ï¼Œä»·ä½åœ¨199-299å…ƒ,reject
Show me winter wear,ask_product
hello assistant,greet
"Appreciate it, mate.ï¼Œaround 399 RMB",thank_you
"Hmm, Iâ€™d like to see other options I guess.ï¼Œé¢„ç®—699å…ƒ",reject
Not interested â€” I like that.,reject
Looking for items below $60,ask_price
Nothing else. Appreciate it!ï¼Œâ‰¤399å—,done
Looks good to meï¼Œé¢„ç®—299å…ƒ,confirmation
talk to you later,goodbye
I don't want to rush this.ï¼Œ199å…ƒä»¥å†…,undecided
good morningï¼Œaround 499 RMB,greet
thank youï¼Œé¢„ç®—699å…ƒ,goodbye
Noï¼Œaround 599 RMB,reject
Can I see some coats?,ask_product
Maybe later.ï¼Œ999å…ƒä»¥å†…,undecided
Looking for items below $60,ask_price
Thanks for the input.ï¼Œaround 999 RMB,thank_you
I'm into casual styleï¼Œaround 299 RMB,ask_style
I need something not expensiveï¼Œaround 699 RMB,ask_price
Price range under $30,ask_price
Appreciate itï¼Œunder CNY 699,thank_you
"Sure, this worksï¼Œâ‰¤199å—",confirmation
"Thanks, thatâ€™s helpfulï¼Œaround 799 RMB",confirmation
Too expensive,reject
Nothing else. Appreciate it!ï¼Œunder CNY 399,done
I can't tellï¼Œaround 499 RMB,undecided
This is a difficult decision.ï¼Œä¸è¶…è¿‡599å…ƒ,undecided
Show me winter wear,ask_product
Can I see some coats?ï¼Œä¸è¶…è¿‡699å…ƒ,ask_product
Nothing stands out to me yet.ï¼Œaround 599 RMB,undecided
I'm searching for a raincoatï¼Œä¸è¶…è¿‡799å…ƒ,ask_product
bye,goodbye
What do you have in business style?ï¼Œ399å…ƒä»¥å†…,ask_style
Try something else!ï¼Œunder CNY 299,reject
hey,greet
I'm searching for a raincoat,ask_product
Looking for something formalï¼Œé¢„ç®—299å…ƒ,ask_style
I think I like them,confirmation
Thank you kindly.ï¼Œunder CNY 599,thank_you
thanks a lotï¼Œä¸è¶…è¿‡499å…ƒ,goodbye
Thanks a lot â€” just saying.ï¼Œä»·ä½åœ¨599-699å…ƒ,thank_you
"You know, Maybe.ï¼Œä¸è¶…è¿‡199å…ƒ",undecided
Not for meï¼Œunder CNY 399,reject
Thanksï¼Œä¸è¶…è¿‡999å…ƒ,thank_you
Do you sell vintage clothes?,ask_style
Thatâ€™s not what I meant? Looks good.,reject
Affordable options pleaseï¼Œunder CNY 299,ask_price
I can't decide right now.,undecided
Show me winter wearï¼Œunder CNY 199,ask_product
I'd say I like those.,confirmation
Do you sell vintage clothes?ï¼Œé¢„ç®—299å…ƒ,ask_style
Looking for something formalï¼Œaround 799 RMB,ask_style
Definitely Iâ€™m done.ï¼Œ799å…ƒä»¥å†…,done
Theyâ€™re not quite rightï¼Œé¢„ç®—799å…ƒ,reject
Thatâ€™s everything. That should work.,done
Let me thinkï¼Œä¸è¶…è¿‡399å…ƒ,undecided
Price range under $64,ask_price
byeï¼Œunder CNY 699,goodbye
"No, thank you",done
greetingsï¼Œaround 599 RMB,greet
"Hmm, Many thanks I guess.ï¼Œä»·ä½åœ¨499-599å…ƒ",thank_you
goodbyeï¼Œä¸è¶…è¿‡599å…ƒ,goodbye
goodbyeï¼Œä»·ä½åœ¨499-599å…ƒ,goodbye
"Yeah, Thank you kinda.",thank_you
Price range under $180,ask_price
I'm searching for a raincoatï¼Œunder CNY 999,ask_product
Thanks for your help.ï¼Œaround 399 RMB,thank_you
I don't want to rush this.ï¼Œé¢„ç®—399å…ƒ,undecided
thank youï¼Œä¸è¶…è¿‡199å…ƒ,goodbye
I like minimal designï¼Œä»·ä½åœ¨699-799å…ƒ,ask_style
Just what I had in mind,confirmation
Looking for something formalï¼Œ599å…ƒä»¥å†…,ask_style
I like thoseï¼Œâ‰¤999å—,confirmation
Fine with me,confirmation
heyï¼Œaround 799 RMB,greet
Can I see some coats?ï¼Œ399å…ƒä»¥å†…,ask_product
Show me cheap optionsï¼Œaround 499 RMB,ask_price
Whatâ€™s the cheapest you have?ï¼Œä¸è¶…è¿‡799å…ƒ,ask_price
byeï¼Œä¸è¶…è¿‡999å…ƒ,goodbye
I need time â€” just saying.ï¼Œ499å…ƒä»¥å†…,undecided
Yeahï¼Œaround 199 RMB,confirmation
"Cool, Iâ€™ll take a lookï¼Œä»·ä½åœ¨599-699å…ƒ",confirmation
Exactlyï¼Œä¸è¶…è¿‡199å…ƒ,confirmation
Nothing stands out? Looks good.ï¼Œä¸è¶…è¿‡699å…ƒ,reject
Thank you â€” just saying.ï¼Œ799å…ƒä»¥å†…,thank_you
Whatâ€™s the cheapest you have?ï¼Œä»·ä½åœ¨599-699å…ƒ,ask_price
Whatâ€™s the cheapest you have?ï¼Œä»·ä½åœ¨99-199å…ƒ,ask_price
What do you have in business style?,ask_style
Price range under $30,ask_price
helloï¼Œaround 399 RMB,greet
Let me think about it.ï¼Œä¸è¶…è¿‡699å…ƒ,undecided
Looking for items below $50,ask_price
None of these â€” I suppose.ï¼Œ399å…ƒä»¥å†…,reject
good evening,greet
bye,goodbye
Looking for something formalï¼Œä»·ä½åœ¨99-199å…ƒ,ask_style
Looking for items below $80,ask_price
I donâ€™t like theseï¼Œ599å…ƒä»¥å†…,reject
Do you have casual clothes?ï¼Œaround 299 RMB,ask_product
Looking for items below $150,ask_price
Thank you,thank_you
I'm finished hereï¼Œä»·ä½åœ¨299-399å…ƒ,done
Thank you indeed.,thank_you
Nice selection,confirmation
Any elegant jackets?ï¼Œâ‰¤799å—,ask_style
hi againï¼Œé¢„ç®—999å…ƒ,greet
What do you have in business style?ï¼Œä»·ä½åœ¨199-299å…ƒ,ask_style
Let me thinkï¼Œunder CNY 799,undecided
"Thanks, Iâ€™m all set",done
Thanks â€” very helpful.ï¼Œä¸è¶…è¿‡599å…ƒ,thank_you
I really appreciate your time.ï¼Œ299å…ƒä»¥å†…,thank_you
Much appreciated.ï¼Œä»·ä½åœ¨699-799å…ƒ,thank_you
"Well, Later.",goodbye
I want to buy some boots,ask_product
Any low-cost jackets?ï¼Œâ‰¤499å—,ask_price
hello,greet
I'm done shoppingï¼Œä¸è¶…è¿‡799å…ƒ,goodbye
Whatâ€™s the cheapest you have?,ask_price
"Well, Let me think.ï¼Œ999å…ƒä»¥å†…",undecided
Price range under $96,ask_price
I want to buy some bootsï¼Œé¢„ç®—999å…ƒ,ask_product
Can I think a little more?ï¼Œä»·ä½åœ¨699-799å…ƒ,undecided
I donâ€™t knowï¼Œaround 999 RMB,undecided
Is there a discount section?ï¼Œunder CNY 699,ask_price
Looking for items below $80,ask_price
Nothing really stands out yet.ï¼Œunder CNY 799,undecided
Not interestedï¼Œ299å…ƒä»¥å†…,reject
All good now,done
Thanks! That helps a lot.,thank_you
I need something stylishï¼Œunder CNY 799,ask_style
I'm done shopping,goodbye
Looking for items below $80,ask_price
I'm hesitating right now.ï¼Œ199å…ƒä»¥å†…,undecided
Thanks a lot â€” just saying.ï¼Œé¢„ç®—499å…ƒ,thank_you
Do you sell vintage clothes?ï¼Œä¸è¶…è¿‡599å…ƒ,ask_style
Any stylish jackets?,ask_product
I'd say Donâ€™t like them.ï¼Œä¸è¶…è¿‡699å…ƒ,reject
Price range under $30,ask_price
What do you have in business style?ï¼Œ399å…ƒä»¥å†…,ask_style
I donâ€™t need anything elseï¼Œâ‰¤599å—,done
Price range under $96,ask_price
Thatâ€™s it for now,done
Show me cheap optionsï¼Œâ‰¤199å—,ask_price
I need sneakersï¼Œâ‰¤299å—,ask_product
I like minimal designï¼Œä»·ä½åœ¨299-399å…ƒ,ask_style
Not really,reject
I want to buy some bootsï¼Œé¢„ç®—799å…ƒ,ask_product
Bye â€” I suppose.,goodbye
Whatâ€™s the cheapest you have?,ask_price
goodbyeï¼Œä»·ä½åœ¨499-599å…ƒ,goodbye
None of these... maybe.ï¼Œunder CNY 499,reject
Too cheapï¼Œâ‰¤199å—,reject
Looking for items below $150,ask_price
Thanks â€” very helpful.ï¼Œunder CNY 499,thank_you
Enough for today? Looks good.ï¼Œâ‰¤199å—,done
Nothing good hereï¼Œ999å…ƒä»¥å†…,reject
Looking for items below $150,ask_price
talk to you laterï¼Œ299å…ƒä»¥å†…,goodbye
Do you sell vintage clothes?ï¼Œ699å…ƒä»¥å†…,ask_style
Price range under $80,ask_price
Fine with me ğŸ‘ï¼Œé¢„ç®—199å…ƒ,confirmation
Iâ€™m not sure â€” just saying.,undecided
Price range under $30,ask_price
Price range under $80,ask_price
hello assistantï¼Œ999å…ƒä»¥å†…,greet
Any stylish jackets?ï¼Œ499å…ƒä»¥å†…,ask_product
Do you sell vintage clothes?ï¼Œâ‰¤799å—,ask_style
Can I think a little more?ï¼Œé¢„ç®—499å…ƒ,undecided
Can I get back to you?ï¼Œä¸è¶…è¿‡299å…ƒ,undecided
Thanks againï¼Œä¸è¶…è¿‡699å…ƒ,thank_you
Show me winter wearï¼Œâ‰¤299å—,ask_product
Not suitable ğŸ‘ï¼Œunder CNY 999,reject
hello assistantï¼Œä»·ä½åœ¨499-599å…ƒ,greet
I need sneakersï¼Œ299å…ƒä»¥å†…,ask_product
Looking for items below $80,ask_price
Nothing stands out? Looks good.,reject
Give me a moment to think.,undecided
see you next time,goodbye
Too cheap ğŸ‘ï¼Œunder CNY 199,reject
Not suitable ğŸ‘,reject
These will work â€” I like that.,confirmation
Do you sell vintage clothes?,ask_style
I'm into casual styleï¼Œä¸è¶…è¿‡399å…ƒ,ask_style
"Thanks, Iâ€™m all setï¼Œä¸è¶…è¿‡999å…ƒ",done
Many thanks.ï¼Œé¢„ç®—499å…ƒ,thank_you
Iâ€™ll think about it.ï¼Œaround 499 RMB,undecided
"Well, Not for me.",reject
Any stylish jackets?,ask_product
Give me a moment to think.ï¼Œaround 599 RMB,undecided
I need something not expensiveï¼Œâ‰¤299å—,ask_price
Exactlyï¼Œaround 699 RMB,confirmation
Still unsureï¼Œâ‰¤799å—,undecided
This is a difficult decision.,undecided
hi,greet
These arenâ€™t goodï¼Œä»·ä½åœ¨299-399å…ƒ,reject
Any elegant jackets?ï¼Œaround 199 RMB,ask_style
Thanksï¼Œunder CNY 199,thank_you
Thanks so much for this.ï¼Œunder CNY 599,thank_you
how are youï¼Œunder CNY 799,greet
These match my needs â€” I like that.ï¼Œé¢„ç®—399å…ƒ,confirmation
hello assistantï¼Œunder CNY 199,greet
good morning,greet
I need sneakersï¼Œ399å…ƒä»¥å†…,ask_product
"Hmm, Not what I had in mind I guess.",reject
Looking for items below $50,ask_price
greetingsï¼Œ199å…ƒä»¥å†…,greet
Much appreciatedï¼Œaround 699 RMB,thank_you
Maybe â€” just saying.ï¼Œaround 499 RMB,undecided
I'm done shoppingï¼Œaround 799 RMB,goodbye
I'd say Donâ€™t like them.,reject
I need sneakersï¼Œ799å…ƒä»¥å†…,ask_product
I'm searching for a raincoatï¼Œ699å…ƒä»¥å†…,ask_product
Yesï¼Œé¢„ç®—399å…ƒ,confirmation
"Sure, Not really works.",reject
greetings,greet
Too sporty,reject
"You know, Let me think.ï¼Œaround 599 RMB",undecided
byeï¼Œä¸è¶…è¿‡199å…ƒ,goodbye
"Well, Could I see others.",reject
"You know, Maybe.ï¼Œâ‰¤399å—",undecided
I need something not expensive,ask_price
Do you have sporty outfits?ï¼Œé¢„ç®—799å…ƒ,ask_style
Thatâ€™s itï¼Œé¢„ç®—199å…ƒ,confirmation
Still deciding â€” just saying.ï¼Œunder CNY 699,undecided
I want a trendy lookï¼Œä»·ä½åœ¨199-299å…ƒ,ask_style
Iâ€™ll come back later,done
It's hard to say.ï¼Œaround 799 RMB,undecided
I need some time.ï¼Œâ‰¤599å—,undecided
Can I see some coats?,ask_product
Good choices. Appreciate it!,confirmation
Can I think a little more?,undecided
Do you sell vintage clothes?ï¼Œunder CNY 599,ask_style
heyï¼Œaround 399 RMB,greet
Definitely Iâ€™m finished.ï¼Œunder CNY 199,done
I need something stylishï¼Œâ‰¤499å—,ask_style
Not usefulï¼Œâ‰¤599å—,reject
I need timeï¼Œé¢„ç®—699å…ƒ,undecided
I need something stylishï¼Œâ‰¤199å—,ask_style
What do you have in business style?ï¼Œä»·ä½åœ¨699-799å…ƒ,ask_style
I like minimal design,ask_style
byeï¼Œ199å…ƒä»¥å†…,goodbye
These will work â€” I like that.ï¼Œä»·ä½åœ¨399-499å…ƒ,confirmation
"Everything looks good, I can't choose.",undecided
Thanks for being helpful.,thank_you
Still unsureï¼Œaround 599 RMB,undecided
good morningï¼Œä»·ä½åœ¨399-499å…ƒ,greet
"You know, Appreciate it.",thank_you
Nothing really stands out yet.ï¼Œä»·ä½åœ¨99-199å…ƒ,undecided
Looking for items below $50,ask_price
hey thereï¼Œä¸è¶…è¿‡299å…ƒ,greet
No thanksï¼Œunder CNY 599,done
hi againï¼Œunder CNY 799,greet
byeï¼Œaround 699 RMB,goodbye
Price range under $64,ask_price
Try something elseï¼Œaround 399 RMB,reject
"Well, Not really.ï¼Œé¢„ç®—399å…ƒ",reject
"Well, Thanks again.",thank_you
thanks a lot,goodbye
Yes,confirmation
I can't decide right now.ï¼Œaround 499 RMB,undecided
I just can't decide yet.ï¼Œé¢„ç®—199å…ƒ,undecided
Thatâ€™s not what I meant? Looks good.ï¼Œâ‰¤699å—,reject
"Appreciate it, mate.",thank_you
No,reject
No more help needed? Looks good.,done
thank you,goodbye
Price range under $80,ask_price
Do you have anything under $120?,ask_price
Iâ€™ll come back laterï¼Œä»·ä½åœ¨99-199å…ƒ,done
Looking for items below $50,ask_price
Noï¼Œâ‰¤199å—,reject
Show me winter wear,ask_product
helloï¼Œä¸è¶…è¿‡199å…ƒ,greet
appreciate your helpï¼Œâ‰¤999å—,goodbye
byeï¼Œä»·ä½åœ¨599-699å…ƒ,goodbye
Not my styleï¼Œaround 699 RMB,reject
I'm thinking it over.ï¼Œ199å…ƒä»¥å†…,undecided
Any elegant jackets?ï¼Œaround 699 RMB,ask_style
That's all I wantedï¼Œaround 999 RMB,done
Any elegant jackets?ï¼Œä¸è¶…è¿‡799å…ƒ,ask_style
I'm done shopping,goodbye
Got any running shoes?ï¼Œ799å…ƒä»¥å†…,ask_product
I'm finished here â€” I like that.ï¼Œ299å…ƒä»¥å†…,done
"Well, Could I see others.ï¼Œä¸è¶…è¿‡399å…ƒ",reject
Affordable options pleaseï¼Œunder CNY 399,ask_price
No,reject
Show me winter wearï¼Œ499å…ƒä»¥å†…,ask_product
Looking for items below $60,ask_price
Give me a moment to think.ï¼Œä»·ä½åœ¨199-299å…ƒ,undecided
"Hmm, Nope, that's all I guess.ï¼Œunder CNY 799",done
Can I see some coats?ï¼Œé¢„ç®—499å…ƒ,ask_product
Thatâ€™s everything,done
Maybe â€” I suppose.,undecided
thanks a lotï¼Œunder CNY 699,goodbye
hiï¼Œunder CNY 399,greet
good eveningï¼Œä»·ä½åœ¨699-799å…ƒ,greet
Appreciate it,thank_you
Iâ€™m done,goodbye
All good now? Looks good.ï¼Œä»·ä½åœ¨99-199å…ƒ,done
"No, thank youï¼Œé¢„ç®—299å…ƒ",done
"Sure, I donâ€™t know works.ï¼Œé¢„ç®—599å…ƒ",undecided
Any low-cost jackets?ï¼Œâ‰¤199å—,ask_price
Affordable options pleaseï¼Œunder CNY 399,ask_price
thanks a lot,goodbye
greetingsï¼Œä»·ä½åœ¨499-599å…ƒ,greet
"Yeah, Noï¼Œunder CNY 799",reject
hiï¼Œunder CNY 499,greet
Do you have sporty outfits?ï¼Œé¢„ç®—699å…ƒ,ask_style
Do you sell vintage clothes?,ask_style
"Yeah, Bye for now kinda.",goodbye
Let me think... Maybe.ï¼Œä»·ä½åœ¨99-199å…ƒ,undecided
Take care!,goodbye
I think I like them? Looks good.,confirmation
I'm torn between options.,undecided
Bye for now!,goodbye
greetingsï¼Œunder CNY 199,greet
Looking for items below $150,ask_price
I want to buy some bootsï¼Œ299å…ƒä»¥å†…,ask_product
hi again,greet
Thanks a lot.ï¼Œunder CNY 699,thank_you
I'm okay now. That should work.ï¼Œé¢„ç®—699å…ƒ,done
hi againï¼Œ699å…ƒä»¥å†…,greet
I want to buy some bootsï¼Œâ‰¤999å—,ask_product
Do you have anything under $100?,ask_price
Do you have anything under $50?,ask_price
Could I see others... maybe.ï¼Œé¢„ç®—699å…ƒ,reject
Looking for something formal,ask_style
greetingsï¼Œé¢„ç®—999å…ƒ,greet
These arenâ€™t goodï¼Œä¸è¶…è¿‡299å…ƒ,reject
Not ready to choose.,undecided
Good choicesï¼Œä»·ä½åœ¨899-999å…ƒ,confirmation
"Yeah, Iâ€™m grateful kinda.ï¼Œâ‰¤599å—",thank_you
None of these work,reject
Got any running shoes?ï¼Œé¢„ç®—499å…ƒ,ask_product
Looking for items below $50,ask_price
I'm into casual styleï¼Œaround 599 RMB,ask_style
Still decidingï¼Œâ‰¤699å—,undecided
Thanks for your help.,thank_you
Let me sleep on it.ï¼Œunder CNY 799,undecided
Nice selectionï¼Œ399å…ƒä»¥å†…,confirmation
Appreciate your support.,thank_you
I'm searching for a raincoat,ask_product
helloï¼Œ599å…ƒä»¥å†…,greet
Looking for items below $80,ask_price
"Well, Let me think.",undecided
Do you have anything under $100?,ask_price
"Hmm, Not what Iâ€™m looking for I guess.ï¼Œaround 299 RMB",reject
I'm into casual styleï¼Œ799å…ƒä»¥å†…,ask_style
Can I see some coats?ï¼Œé¢„ç®—799å…ƒ,ask_product
I appreciate it.ï¼Œunder CNY 199,thank_you
I'm on a budgetï¼Œä¸è¶…è¿‡699å…ƒ,ask_price
thank youï¼Œâ‰¤699å—,goodbye
No more help needed,done
cheersï¼Œaround 199 RMB,goodbye
Talk soon!,goodbye
"Yeah, Can I get different ones?",reject
Much appreciated,thank_you
Iâ€™m grateful.,thank_you
Show me winter wear,ask_product
Do you sell vintage clothes?ï¼Œ999å…ƒä»¥å†…,ask_style
I need sneakers,ask_product
Show me winter wearï¼Œä¸è¶…è¿‡399å…ƒ,ask_product
What do you have in business style?ï¼Œ799å…ƒä»¥å†…,ask_style
Cheersï¼Œé¢„ç®—699å…ƒ,thank_you
Thatâ€™s not what I meant. That should work.,reject
I need sneakersï¼Œaround 199 RMB,ask_product
Iâ€™m grateful â€” I suppose.,thank_you
byeï¼Œé¢„ç®—399å…ƒ,goodbye
I donâ€™t know... maybe.ï¼Œunder CNY 199,undecided
goodbyeï¼Œâ‰¤599å—,goodbye
Price range under $80,ask_price
hello assistant,greet
Thanks a bunch.ï¼Œä¸è¶…è¿‡699å…ƒ,thank_you
Looking for items below $50,ask_price
Can I see some coats?ï¼Œâ‰¤399å—,ask_product
Nope... maybe.ï¼Œunder CNY 399,reject
That's all I wanted â€” I like that.,done
Can I see some coats?,ask_product
I want a trendy lookï¼Œunder CNY 399,ask_style
I'm looking for a jacketï¼Œunder CNY 399,ask_product
I just can't decide yet.ï¼Œ799å…ƒä»¥å†…,undecided
Bye for now,goodbye
hi againï¼Œunder CNY 799,greet
That's exactly what I wantedï¼Œä»·ä½åœ¨299-399å…ƒ,confirmation
"Hmm, I can't tell I guess.",undecided
Let me think... Maybe.ï¼Œä»·ä½åœ¨599-699å…ƒ,undecided
I'll come back later,goodbye
I want a trendy look,ask_style
I just need some time.ï¼Œ399å…ƒä»¥å†…,undecided
I don't know what I want.ï¼Œä¸è¶…è¿‡299å…ƒ,undecided
These arenâ€™t good â€” just saying.ï¼Œä»·ä½åœ¨199-299å…ƒ,reject
Looking for items below $50,ask_price
Show me cheap optionsï¼Œaround 499 RMB,ask_price
Iâ€™ll passï¼Œä¸è¶…è¿‡999å…ƒ,reject
Got any running shoes?,ask_product
Looking for something formalï¼Œ599å…ƒä»¥å†…,ask_style
hi againï¼Œé¢„ç®—299å…ƒ,greet
Could I see othersï¼Œä¸è¶…è¿‡399å…ƒ,reject
Too cheap ğŸ‘ï¼Œ999å…ƒä»¥å†…,reject
Let me think... Nope.,reject
Looking for items below $50,ask_price
Thank you.,thank_you
Thatâ€™s all,done
Thanks so muchï¼Œä»·ä½åœ¨299-399å…ƒ,thank_you
I'm okay now. That should work.ï¼Œ299å…ƒä»¥å†…,done
I donâ€™t see anything I wantï¼Œâ‰¤799å—,reject
No. That should work.ï¼Œä¸è¶…è¿‡299å…ƒ,reject
Thanks a lot â€” just saying.,thank_you
Not really!ï¼Œé¢„ç®—199å…ƒ,reject
appreciate your helpï¼Œ699å…ƒä»¥å†…,goodbye
"Hmm, Nope, that's all I guess.",done
Do you have any shoes?,ask_product
Looking for something formalï¼Œé¢„ç®—199å…ƒ,ask_style
I'm into casual styleï¼Œaround 799 RMB,ask_style
I'm searching for a raincoat,ask_product
"Sure, this works â€” cool!ï¼Œé¢„ç®—499å…ƒ",confirmation
good eveningï¼Œaround 499 RMB,greet
"Hmm, None of these I guess.ï¼Œâ‰¤599å—",reject
Still unsure,undecided
Nice selectionï¼Œ299å…ƒä»¥å†…,confirmation
Goodbye!,goodbye
Not sure about theseï¼Œâ‰¤199å—,reject
I'm done shoppingï¼Œunder CNY 199,goodbye
Not reallyï¼Œä¸è¶…è¿‡699å…ƒ,reject
Thatâ€™s itï¼Œä»·ä½åœ¨99-199å…ƒ,confirmation
thank youï¼Œ799å…ƒä»¥å†…,goodbye
I haven't decidedï¼Œaround 399 RMB,undecided
Everything looks nice.,undecided
Do you have anything under $80?,ask_price
Nothing good hereï¼Œ399å…ƒä»¥å†…,reject
I'm into casual style,ask_style
Looking for something formal,ask_style
I'd say Iâ€™m finished.ï¼Œé¢„ç®—399å…ƒ,done
Iâ€™d like to see other options,reject
Noï¼Œaround 799 RMB,reject
Thank you very much.ï¼Œ399å…ƒä»¥å†…,thank_you
Looking for items below $50,ask_price
thank you,goodbye
I want to buy some bootsï¼Œ799å…ƒä»¥å†…,ask_product
I'm into casual styleï¼Œä¸è¶…è¿‡499å…ƒ,ask_style
Cheers!ï¼Œaround 799 RMB,thank_you
Iâ€™m finished,done
Nothing stands out? Looks good.ï¼Œä¸è¶…è¿‡699å…ƒ,reject
Try something else!ï¼Œunder CNY 699,reject
Can I see some coats?ï¼Œunder CNY 299,ask_product
Many thanks!ï¼Œâ‰¤399å—,thank_you
"You know, Take care.",goodbye
I'm okay nowï¼Œâ‰¤199å—,done
Looking for items below $150,ask_price
Looking for items below $60,ask_price
Thanks a bunch.ï¼Œunder CNY 999,thank_you
"Hmm, Theyâ€™re fine I guess.ï¼Œä»·ä½åœ¨899-999å…ƒ",confirmation
Not really â€” I suppose.ï¼Œunder CNY 599,reject
It's a tough call.ï¼Œâ‰¤599å—,undecided
"You know, Much appreciated.ï¼Œä¸è¶…è¿‡499å…ƒ",thank_you
Do you have anything under $200?,ask_price
Theyâ€™re not quite rightï¼Œ299å…ƒä»¥å†…,reject
how are you,greet
I'll come back laterï¼Œunder CNY 699,goodbye
Looking for items below $150,ask_price
Looking for items below $80,ask_price
Not interested â€” I like that.ï¼Œâ‰¤799å—,reject
cheersï¼Œé¢„ç®—299å…ƒ,goodbye
Price range under $180,ask_price
Looking for items below $50,ask_price
"You know, Many thanks.ï¼Œä»·ä½åœ¨899-999å…ƒ",thank_you
No further helpï¼Œä»·ä½åœ¨399-499å…ƒ,done
Thanks again,thank_you
heyï¼Œaround 999 RMB,greet
hello assistantï¼Œâ‰¤299å—,greet
Not reallyï¼Œaround 299 RMB,reject
thank you,goodbye
"Thank you, this is great!ï¼Œ499å…ƒä»¥å†…",thank_you
Thanks! That helps a lot.ï¼Œaround 199 RMB,thank_you
Not for me,reject
Not sureï¼Œä»·ä½åœ¨299-399å…ƒ,undecided
Affordable options pleaseï¼Œä»·ä½åœ¨899-999å…ƒ,ask_price
hello assistant,greet
greetings,greet
I donâ€™t like these? Looks good.,reject
"Sure, I donâ€™t know works.ï¼Œunder CNY 699",undecided
Looking for something formal,ask_style
"Well, I can't tell.ï¼Œä»·ä½åœ¨699-799å…ƒ",undecided
talk to you laterï¼Œâ‰¤699å—,goodbye
"No, I'm goodï¼Œunder CNY 199",done
I'm searching for a raincoat,ask_product
Looking for items below $150,ask_price
Cheersï¼Œä»·ä½åœ¨499-599å…ƒ,thank_you
see you next timeï¼Œé¢„ç®—199å…ƒ,goodbye
These donâ€™t fit my needs,reject
I need more time to decide.,undecided
I like too many of them.ï¼Œunder CNY 499,undecided
byeï¼Œunder CNY 199,goodbye
"No, I'm goodï¼Œä¸è¶…è¿‡799å…ƒ",done
Show me winter wearï¼Œâ‰¤999å—,ask_product
"Hmm, Too cheap I guess.ï¼Œ499å…ƒä»¥å†…",reject
I donâ€™t knowï¼Œâ‰¤699å—,undecided
None of these â€” just saying.,reject
Big thanks!,thank_you
"Well, Not for me.ï¼Œunder CNY 799",reject
I'm on the fence.,undecided
Definitely Too formal.ï¼Œä»·ä½åœ¨699-799å…ƒ,reject
Let me take a moment.ï¼Œé¢„ç®—699å…ƒ,undecided
Thanks for being helpful.ï¼Œâ‰¤199å—,thank_you
hello,greet
Iâ€™m leaving,done
"You know, Talk soon.",goodbye
"Well, Not really.ï¼Œunder CNY 699",reject
Still decidingï¼Œä¸è¶…è¿‡199å…ƒ,undecided
Maybe,undecided
Iâ€™m satisfiedï¼Œ399å…ƒä»¥å†…,done
Looking for items below $60,ask_price
No further help ğŸ‘,done
Iâ€™m gratefulï¼Œâ‰¤299å—,thank_you
Price range under $180,ask_price
I'm into casual style,ask_style
Let me think... No.ï¼Œaround 399 RMB,reject
I need time!ï¼Œâ‰¤499å—,undecided
"Hmm, Not what Iâ€™m looking for I guess.",reject
Show me cheap optionsï¼Œaround 299 RMB,ask_price
Iâ€™m not sureï¼Œaround 599 RMB,undecided
talk to you laterï¼Œunder CNY 199,goodbye
Thank you so much.ï¼Œunder CNY 599,thank_you
Enough for today,done
Itâ€™s hard to make a decision.ï¼Œä»·ä½åœ¨399-499å…ƒ,undecided
bye,goodbye
helloï¼Œunder CNY 699,greet
Do you have anything under $50?,ask_price
"Hmm, Nope I guess.",reject
hi again,greet
helloï¼Œä¸è¶…è¿‡999å…ƒ,greet
These are goodï¼Œaround 999 RMB,confirmation
cheersï¼Œé¢„ç®—399å…ƒ,goodbye
Show me cheap options,ask_price
Definitely Too formal.ï¼Œunder CNY 599,reject
Show me winter wearï¼Œâ‰¤799å—,ask_product
I need some time.,undecided
I might come back later.,undecided
"Hmm, Thank you I guess.ï¼Œâ‰¤299å—",thank_you
Not my style,reject
hey,greet
hello assistantï¼Œé¢„ç®—999å…ƒ,greet
I need something not expensive,ask_price
Thank you indeed.ï¼Œ699å…ƒä»¥å†…,thank_you
Do you have any shoes?ï¼Œaround 999 RMB,ask_product
Can I see some coats?,ask_product
I appreciate your time.ï¼Œunder CNY 699,thank_you
Iâ€™m doneï¼Œâ‰¤599å—,done
Iâ€™m not sure â€” I suppose.ï¼Œâ‰¤999å—,undecided
I haven't decidedï¼Œé¢„ç®—699å…ƒ,undecided
Looking for items below $50,ask_price
"Yeah, Not sure about theseï¼Œunder CNY 599",reject
"Thanks, that was great!ï¼Œ699å…ƒä»¥å†…",thank_you
"Sure, this works â€” cool!",confirmation
I'd say Done for now.ï¼Œunder CNY 299,done
I'm looking for a jacketï¼Œâ‰¤199å—,ask_product
Iâ€™ll pass on theseï¼Œé¢„ç®—399å…ƒ,reject
I'm on a budget,ask_price
Iâ€™m done â€” I suppose.,goodbye
Any elegant jackets?,ask_style
I'm done shopping,goodbye
I'm searching for a raincoatï¼Œâ‰¤399å—,ask_product
Maybe â€” just saying.ï¼Œä¸è¶…è¿‡399å…ƒ,undecided
heyï¼Œ699å…ƒä»¥å†…,greet
Show me others. Appreciate it!ï¼Œâ‰¤399å—,reject
Definitely Too sporty.ï¼Œâ‰¤699å—,reject
"Nope, that's allï¼Œä¸è¶…è¿‡799å…ƒ",done
Thanks a ton!ï¼Œaround 999 RMB,thank_you
Thanks a ton!ï¼Œä»·ä½åœ¨599-699å…ƒ,thank_you
These are goodï¼Œ799å…ƒä»¥å†…,confirmation
I'm on the fence.ï¼Œaround 599 RMB,undecided
Much appreciatedï¼Œunder CNY 199,thank_you
"Hmm, Iâ€™d like to see other options I guess.",reject
Wonderfulï¼Œä»·ä½åœ¨899-999å…ƒ,confirmation
heyï¼Œ199å…ƒä»¥å†…,greet
Definitely I'm done shopping.ï¼Œ599å…ƒä»¥å†…,done
Can I see some coats?ï¼Œä»·ä½åœ¨499-599å…ƒ,ask_product
Maybe â€” I suppose.ï¼Œunder CNY 999,undecided
Show me othersï¼Œä¸è¶…è¿‡599å…ƒ,reject
I'm done shoppingï¼Œé¢„ç®—399å…ƒ,done
Cheers!ï¼Œâ‰¤699å—,thank_you
Show me formal wearï¼Œ299å…ƒä»¥å†…,ask_style
"You know, Many thanks.ï¼Œ599å…ƒä»¥å†…",thank_you
hello assistantï¼Œunder CNY 599,greet
I'm finished hereï¼Œunder CNY 199,done
All good now? Looks good.ï¼Œé¢„ç®—499å…ƒ,done
Thanks for the info.,thank_you
Catch you later... maybe.,goodbye
Grateful for your advice.ï¼Œ399å…ƒä»¥å†…,thank_you
Yesï¼Œ199å…ƒä»¥å†…,confirmation
thanks a lotï¼Œaround 699 RMB,goodbye
Really appreciate that.ï¼Œä¸è¶…è¿‡199å…ƒ,thank_you
"Everything looks good, I can't choose.ï¼Œä¸è¶…è¿‡599å…ƒ",undecided
cheersï¼Œâ‰¤999å—,goodbye
Bye,goodbye
"Thanks, thatâ€™s all",goodbye
I need to consider my options.ï¼Œunder CNY 599,undecided
Cheers for that.ï¼Œunder CNY 999,thank_you
Iâ€™m grateful.ï¼Œä»·ä½åœ¨699-799å…ƒ,thank_you
appreciate your helpï¼Œaround 199 RMB,goodbye
Nopeï¼Œ199å…ƒä»¥å†…,reject
What do you have in business style?ï¼Œé¢„ç®—799å…ƒ,ask_style
These match my needs? Looks good.ï¼Œaround 299 RMB,confirmation
Thank you so much.ï¼Œä»·ä½åœ¨299-399å…ƒ,thank_you
Those are just what I need? Looks good.ï¼Œä¸è¶…è¿‡799å…ƒ,confirmation
Not interested â€” I like that.ï¼Œ499å…ƒä»¥å†…,reject
I might come back later.ï¼Œé¢„ç®—699å…ƒ,undecided
Iâ€™m not sure â€” just saying.ï¼Œunder CNY 699,undecided
I haven't decided â€” I suppose.ï¼Œâ‰¤499å—,undecided
I donâ€™t see anything I wantï¼Œ999å…ƒä»¥å†…,reject
Thank you... maybe.ï¼Œunder CNY 299,thank_you
Do you have anything under $200?,ask_price
"Hmm, Bye I guess.",goodbye
Looking for items below $60,ask_price
"Well, Thank you.ï¼Œâ‰¤399å—",thank_you
I haven't decided â€” I suppose.,undecided
I'm searching for a raincoatï¼Œä»·ä½åœ¨499-599å…ƒ,ask_product
"Sure, I donâ€™t know works.",undecided
Looking for something formalï¼Œä¸è¶…è¿‡799å…ƒ,ask_style
I'm on a budgetï¼Œâ‰¤499å—,ask_price
I donâ€™t want moreï¼Œä»·ä½åœ¨399-499å…ƒ,done
Looking for items below $50,ask_price
Cheers â€” just saying.,thank_you
see you next timeï¼Œunder CNY 299,goodbye
Thank you!,thank_you
I like minimal designï¼Œ299å…ƒä»¥å†…,ask_style
Can I get different ones?. That should work.ï¼Œaround 599 RMB,reject
helloï¼Œé¢„ç®—199å…ƒ,greet
"Well, Thank you.ï¼Œä¸è¶…è¿‡399å…ƒ",thank_you
Thank you so so much.ï¼Œunder CNY 499,thank_you
Iâ€™m done,done
No further helpï¼Œä»·ä½åœ¨299-399å…ƒ,done
Show me winter wear,ask_product
I'm done shoppingï¼Œ199å…ƒä»¥å†…,goodbye
Maybe â€” just saying.,undecided
I need something not expensiveï¼Œaround 599 RMB,ask_price
I need sneakersï¼Œä¸è¶…è¿‡799å…ƒ,ask_product
how are youï¼Œ399å…ƒä»¥å†…,greet
"Hmm, Not really I guess.ï¼Œaround 799 RMB",reject
No more help needed? Looks good.ï¼Œâ‰¤399å—,done
Great!ï¼Œä¸è¶…è¿‡999å…ƒ,confirmation
Show me cheap optionsï¼Œunder CNY 699,ask_price
Thatâ€™s not what I meantï¼Œunder CNY 999,reject
Affordable options pleaseï¼Œ199å…ƒä»¥å†…,ask_price
What do you have in business style?,ask_style
Good choices,confirmation
Do you have anything under $120?,ask_price
talk to you laterï¼Œunder CNY 499,goodbye
Nice selection? Looks good.,confirmation
I need something stylishï¼Œaround 499 RMB,ask_style
"You know, Many thanks.ï¼Œaround 799 RMB",thank_you
I'm on a budgetï¼Œunder CNY 799,ask_price
Do you have any shoes?ï¼Œaround 699 RMB,ask_product
Appreciate itï¼Œé¢„ç®—799å…ƒ,thank_you
"Hmm, Thanks, thatâ€™s all I guess.",goodbye
Not sureï¼Œâ‰¤299å—,undecided
"Yeah, Try something else kinda.",reject
Iâ€™m satisfiedï¼Œ399å…ƒä»¥å†…,done
thank youï¼Œ699å…ƒä»¥å†…,goodbye
Not interestedï¼Œä»·ä½åœ¨99-199å…ƒ,reject
I'm into casual styleï¼Œé¢„ç®—799å…ƒ,ask_style
Do you sell vintage clothes?ï¼Œä»·ä½åœ¨99-199å…ƒ,ask_style
hello assistant,greet
Any stylish jackets?ï¼Œâ‰¤499å—,ask_product
I'd say Iâ€™m finished.ï¼Œé¢„ç®—399å…ƒ,done
"Hmm, Not really I guess.ï¼Œunder CNY 699",reject
Nope,reject
Iâ€™ve seen enough,done
good eveningï¼Œunder CNY 299,greet
I need sneakersï¼Œä»·ä½åœ¨499-599å…ƒ,ask_product
Looking for items below $80,ask_price
Do you have anything under $120?,ask_price
hi,greet
Do you have any shoes?,ask_product
Any stylish jackets?ï¼Œä¸è¶…è¿‡799å…ƒ,ask_product
hello,greet
Looking for items below $80,ask_price
Do you have anything under $100?,ask_price
I think I like themï¼Œunder CNY 399,confirmation
"Well, Thanks a lot.ï¼Œ799å…ƒä»¥å†…",thank_you
Love them,confirmation
I'm a little overwhelmed.,undecided
Theyâ€™re not quite right,reject
Nothing elseï¼Œä»·ä½åœ¨399-499å…ƒ,done
Great!. Appreciate it!,confirmation
"Well, Could I see others.",reject
These will workï¼Œâ‰¤999å—,confirmation
Is there a discount section?ï¼Œâ‰¤699å—,ask_price
I need something not expensiveï¼Œ199å…ƒä»¥å†…,ask_price
These match my needs? Looks good.ï¼Œunder CNY 999,confirmation
"Yeah, Take care kinda.",goodbye
I want a trendy lookï¼Œunder CNY 799,ask_style
Thanks!ï¼Œä¸è¶…è¿‡699å…ƒ,thank_you
Thanks a lot â€” just saying.,thank_you
Looking for items below $50,ask_price
Thanks again!ï¼Œä¸è¶…è¿‡699å…ƒ,thank_you
Do you have casual clothes?,ask_product
Looking for items below $60,ask_price
hello assistantï¼Œaround 999 RMB,greet
I'd say Iâ€™m finished.,done
Fine with me ğŸ‘,confirmation
Is there a discount section?,ask_price
hi againï¼Œé¢„ç®—699å…ƒ,greet
hi again,greet
Do you have anything under $50?,ask_price
Looking for items below $150,ask_price
cheersï¼Œ599å…ƒä»¥å†…,goodbye
"Thank you, that's helpful.",thank_you
Iâ€™ve seen enoughï¼Œâ‰¤299å—,done
Looking for items below $50,ask_price
I donâ€™t need anything elseï¼Œä¸è¶…è¿‡699å…ƒ,done
I want to check more options.,undecided
Definitely Iâ€™m finished.ï¼Œé¢„ç®—499å…ƒ,done
Looking for items below $60,ask_price
It's hard to say.ï¼Œä¸è¶…è¿‡599å…ƒ,undecided
Thatâ€™s it for nowï¼Œé¢„ç®—699å…ƒ,done
Thatâ€™s niceï¼Œä¸è¶…è¿‡499å…ƒ,confirmation
Can I get different ones?. That should work.,reject
"Well, Could I see others.ï¼Œä»·ä½åœ¨599-699å…ƒ",reject
Looking for items below $50,ask_price
I need to consider my options.,undecided
Any elegant jackets?ï¼Œaround 599 RMB,ask_style
talk to you later,goodbye
Whatâ€™s the cheapest you have?,ask_price
Nopeï¼Œé¢„ç®—399å…ƒ,reject
I need something not expensiveï¼Œaround 499 RMB,ask_price
Not interested,reject
byeï¼Œé¢„ç®—799å…ƒ,goodbye
Theyâ€™re fineï¼Œä¸è¶…è¿‡399å…ƒ,confirmation
"Yeah, Thank you kinda.ï¼Œé¢„ç®—799å…ƒ",thank_you
"Well, Thanks a lot.ï¼Œaround 399 RMB",thank_you
Looking for items below $80,ask_price
"You know, Maybe.",undecided
"Really grateful, thanks!ï¼Œä¸è¶…è¿‡299å…ƒ",thank_you
Can I see some coats?ï¼Œâ‰¤499å—,ask_product
I need something not expensiveï¼Œâ‰¤299å—,ask_price
Thank you heaps.ï¼Œâ‰¤499å—,thank_you
These arenâ€™t what I wantï¼Œunder CNY 699,reject
cheersï¼Œaround 299 RMB,goodbye
hey,greet
greetings,greet
Do you have anything under $200?,ask_price
Many thanks,thank_you
Thanks a million.ï¼Œaround 599 RMB,thank_you
Looks greatï¼Œä¸è¶…è¿‡199å…ƒ,confirmation
"Hmm, None of these I guess.ï¼Œé¢„ç®—399å…ƒ",reject
Thanks for the suggestions.ï¼Œä»·ä½åœ¨599-699å…ƒ,thank_you
I want to buy some boots,ask_product
Iâ€™ll think about it.ï¼Œaround 599 RMB,undecided
What do you have in business style?ï¼Œé¢„ç®—999å…ƒ,ask_style
Still deciding â€” just saying.,undecided
Thank you.ï¼Œä¸è¶…è¿‡999å…ƒ,thank_you
Do you have anything under $50?,ask_price
hello assistant,greet
greetings,greet
Cheers!,thank_you
None of these... maybe.,reject
These match my needs,confirmation
I need a minute.ï¼Œä¸è¶…è¿‡599å…ƒ,undecided
I'm into casual style,ask_style
Any low-cost jackets?ï¼Œä»·ä½åœ¨399-499å…ƒ,ask_price
good evening,greet
"Well, Take care.",goodbye
Iâ€™m grateful â€” I suppose.ï¼Œaround 699 RMB,thank_you
"Cool, Iâ€™ll take a lookï¼Œä»·ä½åœ¨699-799å…ƒ",confirmation
Looking for items below $60,ask_price
"Hmm, Theyâ€™re fine I guess.ï¼Œä»·ä½åœ¨299-399å…ƒ",confirmation
hey thereï¼Œ699å…ƒä»¥å†…,greet
I'm not sure yet.ï¼Œé¢„ç®—299å…ƒ,undecided
Iâ€™ll pass on theseï¼Œä¸è¶…è¿‡599å…ƒ,reject
"You know, Maybe.ï¼Œ399å…ƒä»¥å†…",undecided
"Hmm, I haven't decided I guess.",undecided
None of theseï¼Œä»·ä½åœ¨99-199å…ƒ,reject
hi againï¼Œaround 399 RMB,greet
byeï¼Œä»·ä½åœ¨399-499å…ƒ,goodbye
I need sneakers,ask_product
"Hmm, Thank you I guess.ï¼Œä¸è¶…è¿‡699å…ƒ",thank_you
Do you have any shoes?ï¼Œé¢„ç®—399å…ƒ,ask_product
I'll come back laterï¼Œä¸è¶…è¿‡499å…ƒ,goodbye
Theyâ€™re fineï¼Œé¢„ç®—799å…ƒ,confirmation
Iâ€™m finishedï¼Œä»·ä½åœ¨599-699å…ƒ,done
Thanks,thank_you
hiï¼Œunder CNY 999,greet
Definitely I'm done shopping.,done
Definitely I donâ€™t see anything I want.ï¼Œä¸è¶…è¿‡199å…ƒ,reject
Do you have sporty outfits?ï¼Œä»·ä½åœ¨299-399å…ƒ,ask_style
helloï¼Œunder CNY 999,greet
Maybe later.,undecided
Affordable options please,ask_price
Iâ€™m still weighing my options.ï¼Œé¢„ç®—699å…ƒ,undecided
Definitely Iâ€™m done.,done
Looking for items below $60,ask_price
I'm unsure right now.,undecided
I'll come back laterï¼Œâ‰¤299å—,goodbye
Looking for items below $50,ask_price
Perfect? Looks good.,confirmation
Any stylish jackets?ï¼Œä»·ä½åœ¨199-299å…ƒ,ask_product
Thanks for being helpful.ï¼Œunder CNY 699,thank_you
Nice selection. That should work.ï¼Œä»·ä½åœ¨199-299å…ƒ,confirmation
Thanks â€” very helpful.,thank_you
I need something not expensiveï¼Œä¸è¶…è¿‡299å…ƒ,ask_price
I'm really not sure yet.ï¼Œaround 999 RMB,undecided
Definitely Iâ€™m done.ï¼Œä¸è¶…è¿‡399å…ƒ,done
hey,greet
Thatâ€™s everything. That should work.ï¼Œé¢„ç®—399å…ƒ,done
I need something not expensiveï¼Œä¸è¶…è¿‡999å…ƒ,ask_price
I need something not expensiveï¼Œunder CNY 199,ask_price
Thanks for assisting.ï¼Œaround 599 RMB,thank_you
goodbye,goodbye
Fine with meï¼Œä»·ä½åœ¨299-399å…ƒ,confirmation
Thanks so much for this.,thank_you
heyï¼Œaround 599 RMB,greet
All good now? Looks good.,done
Show me winter wear,ask_product
Not what I had in mind â€” cool!ï¼Œä»·ä½åœ¨899-999å…ƒ,reject
hi againï¼Œä¸è¶…è¿‡699å…ƒ,greet
Iâ€™m done lookingï¼Œé¢„ç®—199å…ƒ,done
heyï¼Œä»·ä½åœ¨499-599å…ƒ,greet
Looking for items below $150,ask_price
Not ready to choose.ï¼Œä»·ä½åœ¨299-399å…ƒ,undecided
Is there a discount section?ï¼Œaround 299 RMB,ask_price
Sincerely appreciate it.ï¼Œé¢„ç®—199å…ƒ,thank_you
I'm into casual styleï¼Œunder CNY 399,ask_style
